"model","component","value","mean","effect_variance","study_variance","spatial_variance","rho_km","logLik_REML","AIC_REML","status","elapsed_seconds","warnings","free_logLik_REML","delta_logLik_from_free","profile_group_max","delta_logLik_from_grid_max"
"combined","rho",0.1,-0.363933760291397,0.751559625528843,1.13830086119741,7.64654148353559e-08,0.1,-3969.18751484752,7946.37502969504,"completed_no_explicit_optimizer_status",145.204,NA,-3968.25434208591,-0.933172761609967,-3968.23700991103,-0.950504936490233
"combined","rho",1,-0.363933755009993,0.751559627122493,1.13830060572938,4.18529595781796e-08,1,-3969.1875147599,7946.3750295198,"completed_no_explicit_optimizer_status",197.412,NA,-3968.25434208591,-0.933172673989702,-3968.23700991103,-0.950504848869969
"combined","rho",10,-0.363933750372264,0.751559627450055,1.13830059170579,9.3959675182239e-08,10,-3969.18751490299,7946.37502980597,"completed_no_explicit_optimizer_status",1585.125,NA,-3968.25434208591,-0.933172817080049,-3968.23700991103,-0.950504991960315
"combined","rho",30,-0.363933737480008,0.751559625658708,1.13830053707912,4.33667357063996e-07,30,-3969.18751484766,7946.37502969533,"completed_no_explicit_optimizer_status",1630.347,"Setting class(x) to multiple strings (""vcovmat"", ""dsyMatrix"", ...); result will no longer be an S4 object",-3968.25434208591,-0.933172761750029,-3968.23700991103,-0.950504936630296
"combined","rho",100,-0.364304223102385,0.751249510650888,1.07331512079305,0.0527599497025138,100,-3968.92534401087,7945.85068802175,"completed_no_explicit_optimizer_status",484.257,"Setting class(x) to multiple strings (""vcovmat"", ""dsyMatrix"", ...); result will no longer be an S4 object",-3968.25434208591,-0.67100192495991,-3968.23700991103,-0.688334099840176
"combined","rho",200,-0.368300661451839,0.751392539170323,1.03931233371024,0.0816398777670994,200,-3968.40055885159,7944.80111770318,"completed_no_explicit_optimizer_status",439.423,"Setting class(x) to multiple strings (""vcovmat"", ""dsyMatrix"", ...); result will no longer be an S4 object",-3968.25434208591,-0.146216765680037,-3968.23700991103,-0.163548940560304
"combined","rho",385,-0.371562107380074,0.751383511419058,1.05817213553567,0.0677836054378168,385,-3968.23700991103,7944.47401982206,"completed_no_explicit_optimizer_status",452.873,"Setting class(x) to multiple strings (""vcovmat"", ""dsyMatrix"", ...); result will no longer be an S4 object",-3968.25434208591,0.0173321748802664,-3968.23700991103,0
"combined","rho",700,-0.371209254539764,0.751367667508774,1.07818082006566,0.053586091679842,700,-3968.26400949124,7944.52801898249,"completed_no_explicit_optimizer_status",426.824,"Setting class(x) to multiple strings (""vcovmat"", ""dsyMatrix"", ...); result will no longer be an S4 object",-3968.25434208591,-0.00966740532976473,-3968.23700991103,-0.0269995802100311
"combined","rho",1500,-0.366048948241315,0.751373732379145,1.09178168956618,0.0468083186369435,1500,-3968.26421705098,7944.52843410196,"completed_no_explicit_optimizer_status",432.836,"Setting class(x) to multiple strings (""vcovmat"", ""dsyMatrix"", ...); result will no longer be an S4 object",-3968.25434208591,-0.00987496506968455,-3968.23700991103,-0.0272071399499509
"combined","rho",2058.90694724748,-0.362424403130106,0.751387406684054,1.09425214958119,0.0478456429326594,2058.90694724748,-3968.25434208572,7944.50868417144,"completed_no_explicit_optimizer_status",400.79,"Setting class(x) to multiple strings (""vcovmat"", ""dsyMatrix"", ...); result will no longer be an S4 object",-3968.25434208591,1.90084392670542e-10,-3968.23700991103,-0.017332174690182
"combined","rho",3000,-0.357133782836836,0.751409737973949,1.096831161255,0.0507651536939986,3000,-3968.28165544146,7944.56331088292,"completed_no_explicit_optimizer_status",432.974,"Setting class(x) to multiple strings (""vcovmat"", ""dsyMatrix"", ...); result will no longer be an S4 object",-3968.25434208591,-0.0273133555497225,-3968.23700991103,-0.0446455304299889
"combined","rho",6000,-0.347481705802728,0.751437030062919,1.10386442404898,0.0579099063488749,6000,-3968.48979635001,7944.97959270003,"completed_no_explicit_optimizer_status",443.234,"Setting class(x) to multiple strings (""vcovmat"", ""dsyMatrix"", ...); result will no longer be an S4 object",-3968.25434208591,-0.235454264099644,-3968.23700991103,-0.252786438979911
"combined","rho",12000,-0.34057142834823,0.751413552387558,1.11431200046779,0.0607297312159656,12000,-3968.74408493808,7945.48816987616,"completed_no_explicit_optimizer_status",459.975,"Setting class(x) to multiple strings (""vcovmat"", ""dsyMatrix"", ...); result will no longer be an S4 object",-3968.25434208591,-0.489742852169911,-3968.23700991103,-0.507075027050178
"combined","tau2",0,-0.363933780773176,0.751559609390475,1.1383023209811,0,3157.4670653298,-3969.18751437208,7946.37502874416,"completed_no_explicit_optimizer_status",46.335,NA,-3968.25434208591,-0.933172286169793,-3968.25434208506,-0.933172287019715
"combined","tau2",0.005,-0.361287764482297,0.751458842545244,1.13000269994397,0.005,2133.30342047608,-3968.91476794649,7945.82953589298,"completed_no_explicit_optimizer_status",396.289,"Setting class(x) to multiple strings (""vcovmat"", ""dsyMatrix"", ...); result will no longer be an S4 object",-3968.25434208591,-0.660425860579835,-3968.25434208506,-0.660425861429758
"combined","tau2",0.01,-0.360303728187807,0.75140316013002,1.12330685824826,0.01,2022.89358848232,-3968.7178536307,7945.4357072614,"completed_no_explicit_optimizer_status",397.157,"Setting class(x) to multiple strings (""vcovmat"", ""dsyMatrix"", ...); result will no longer be an S4 object",-3968.25434208591,-0.463511544789981,-3968.25434208506,-0.463511545639903
"combined","tau2",0.02,-0.360309111552283,0.75135552639843,1.11276054225955,0.02,1921.1912360366,-3968.46446511489,7944.92893022978,"completed_no_explicit_optimizer_status",387.761,"Setting class(x) to multiple strings (""vcovmat"", ""dsyMatrix"", ...); result will no longer be an S4 object",-3968.25434208591,-0.210123028979979,-3968.25434208506,-0.210123029829901
"combined","tau2",0.04,-0.362061455205871,0.751366255280003,1.09823776861863,0.04,1964.03206600297,-3968.26688919551,7944.53377839103,"completed_no_explicit_optimizer_status",358.946,"Setting class(x) to multiple strings (""vcovmat"", ""dsyMatrix"", ...); result will no longer be an S4 object",-3968.25434208591,-0.0125471095998364,-3968.25434208506,-0.0125471104497592
"combined","tau2",0.0478459017885566,-0.36242328389532,0.751387226577209,1.09425182965582,0.0478459017885566,2059.07950278061,-3968.25434208506,7944.50868417012,"completed_no_explicit_optimizer_status",362.651,"Setting class(x) to multiple strings (""vcovmat"", ""dsyMatrix"", ...); result will no longer be an S4 object",-3968.25434208591,8.49922798806801e-10,-3968.25434208506,0
"combined","tau2",0.06,-0.362188479858047,0.751427468787343,1.08962465108224,0.06,2286.46418529918,-3968.27789916051,7944.55579832101,"completed_no_explicit_optimizer_status",363.528,"Setting class(x) to multiple strings (""vcovmat"", ""dsyMatrix"", ...); result will no longer be an S4 object",-3968.25434208591,-0.0235570745999212,-3968.25434208506,-0.023557075449844
"combined","tau2",0.1,-0.35546892478837,0.751543098068857,1.08367716994092,0.1,3634.79663093239,-3968.5311396118,7945.0622792236,"completed_no_explicit_optimizer_status",346.377,"Setting class(x) to multiple strings (""vcovmat"", ""dsyMatrix"", ...); result will no longer be an S4 object",-3968.25434208591,-0.276797525889833,-3968.25434208506,-0.276797526739756
"combined","tau2",0.2,-0.332792186980996,0.75148738962338,1.10016692124919,0.2,17276.6345103316,-3969.03982922933,7946.07965845866,"completed_no_explicit_optimizer_status",400.839,"Setting class(x) to multiple strings (""vcovmat"", ""dsyMatrix"", ...); result will no longer be an S4 object",-3968.25434208591,-0.785487143419687,-3968.25434208506,-0.785487144269609
"combined","tau2",0.4,-0.339685302474023,0.751358161383373,1.12979520145543,0.4,341840.496573858,-3968.99576286105,7945.99152572209,"completed_no_explicit_optimizer_status",448.904,"Setting class(x) to multiple strings (""vcovmat"", ""dsyMatrix"", ...); result will no longer be an S4 object",-3968.25434208591,-0.741420775139886,-3968.25434208506,-0.741420775989809
"spatial_only","rho",0.005,-0.356925288750545,0.763068603344674,NA,1.14754987181909,0.005,-3980.39139859341,7966.78279718682,"completed_no_explicit_optimizer_status",30.893,NA,-3980.24727371705,-0.144124876359911,-3980.24401559829,-0.147382995120097
"spatial_only","rho",0.02,-0.355975706392683,0.763020036620725,NA,1.14700788971811,0.02,-3980.29342174986,7966.58684349972,"completed_no_explicit_optimizer_status",39.37,NA,-3980.24727371705,-0.0461480328099242,-3980.24401559829,-0.0494061515701105
"spatial_only","rho",0.05,-0.355222695767545,0.762991925533791,NA,1.14758681762407,0.05,-3980.24401559829,7966.48803119659,"completed_no_explicit_optimizer_status",38.131,NA,-3980.24727371705,0.00325811876018633,-3980.24401559829,0
"spatial_only","rho",0.1,-0.355478724093499,0.763013978773147,NA,1.14879317098721,0.1,-3980.25271662632,7966.50543325265,"completed_no_explicit_optimizer_status",30.936,NA,-3980.24727371705,-0.0054429092697319,-3980.24401559829,-0.00870102802991823
"spatial_only","rho",0.136938581658506,-0.355839734901287,0.763023388702237,NA,1.14949330726453,0.136938581658506,-3980.24727372282,7966.49454744563,"completed_no_explicit_optimizer_status",31.805,NA,-3980.24727371705,-5.76983438804746e-09,-3980.24401559829,-0.00325812453002072
"spatial_only","rho",0.2,-0.356106798870959,0.763032529313668,NA,1.15117974334489,0.2,-3980.28605466234,7966.57210932468,"completed_no_explicit_optimizer_status",34.542,NA,-3980.24727371705,-0.0387809452900001,-3980.24401559829,-0.0420390640501864
"spatial_only","rho",0.3,-0.35575798656942,0.763056289847793,NA,1.15577741005996,0.3,-3980.5203378635,7967.040675727,"completed_no_explicit_optimizer_status",38.044,NA,-3980.24727371705,-0.273064146449997,-3980.24401559829,-0.276322265210183
"spatial_only","rho",0.5,-0.35405800063829,0.763068753751229,NA,1.16934369443833,0.5,-3981.34409505013,7968.68819010026,"completed_no_explicit_optimizer_status",28.048,NA,-3980.24727371705,-1.09682133307979,-3980.24401559829,-1.10007945183997
"spatial_only","rho",1,-0.348778814239315,0.76327202941199,NA,1.20457667379995,1,-3983.73516781616,7973.47033563231,"completed_no_explicit_optimizer_status",49.652,NA,-3980.24727371705,-3.48789409910978,-3980.24401559829,-3.49115221786997
"spatial_only","rho",3,-0.338985012101578,0.767571829099157,NA,1.30433644045088,3,-3994.50416610881,7995.00833221763,"completed_no_explicit_optimizer_status",75.106,NA,-3980.24727371705,-14.2568923917597,-3980.24401559829,-14.2601505105199
"spatial_only","rho",10,-0.335535062026534,0.790981429880903,NA,1.40898110654331,10,-4021.77370731351,8049.54741462702,"completed_no_explicit_optimizer_status",294.734,NA,-3980.24727371705,-41.5264335964598,-3980.24401559829,-41.52969171522
"spatial_only","tau2",0,-0.250786007408169,1.5630544159548,NA,0,3157.4670653298,-4361.29415569077,8728.58831138154,"completed_no_explicit_optimizer_status",21.694,NA,-3980.24727371705,-381.04688197372,-3980.24727371848,-381.04688197229
"spatial_only","tau2",0.5,-0.336351616934914,0.792910795637149,NA,0.5,0.0339402345784637,-4014.86313881855,8035.72627763709,"completed_no_explicit_optimizer_status",125.673,NA,-3980.24727371705,-34.6158651014998,-3980.24727371848,-34.6158651000701
"spatial_only","tau2",0.8,-0.347458616698206,0.770125289834797,NA,0.8,0.0372088273273509,-3986.90744321732,7979.81488643463,"completed_no_explicit_optimizer_status",174.794,NA,-3980.24727371705,-6.66016950027006,-3980.24727371848,-6.66016949884033
"spatial_only","tau2",1,-0.352364878287975,0.764882584208775,NA,1,0.0410488528278947,-3981.21271086537,7968.42542173074,"completed_no_explicit_optimizer_status",238.102,NA,-3980.24727371705,-0.965437148319779,-3980.24727371848,-0.965437146890054
"spatial_only","tau2",1.14948139553663,-0.355839540793215,0.76302615487683,NA,1.14948139553663,0.136935189190573,-3980.24727371848,7966.49454743696,"completed_no_explicit_optimizer_status",123.845,NA,-3980.24727371705,-1.42972567118704e-09,-3980.24727371848,0
"spatial_only","tau2",1.3,-0.357791520651244,0.762034082973147,NA,1.3,0.0539116697517042,-3981.03670153336,7968.07340306673,"completed_no_explicit_optimizer_status",115.75,NA,-3980.24727371705,-0.789427816309853,-3980.24727371848,-0.789427814880128
"spatial_only","tau2",1.5,-0.361501845351641,0.761664544181342,NA,1.5,0.169002010529623,-3983.82612692226,7973.65225384452,"completed_no_explicit_optimizer_status",136.236,NA,-3980.24727371705,-3.57885320520973,-3980.24727371848,-3.57885320378
"spatial_only","tau2",2,-0.36708299636379,0.762639124674132,NA,2,0.222851070627729,-3995.46178435408,7996.92356870816,"completed_no_explicit_optimizer_status",148.826,NA,-3980.24727371705,-15.2145106370299,-3980.24727371848,-15.2145106356002
"spatial_only","tau2",3,-0.369436017385678,0.766318977746818,NA,3,0.736718946510961,-4024.09502640669,8054.19005281338,"completed_no_explicit_optimizer_status",194.6,NA,-3980.24727371705,-43.8477526896399,-3980.24727371848,-43.8477526882102
