"rho","alpha","REML_logLik","AIC_nominal_fixed_rho","pooled_mean","pooled_se","ci_lb","ci_ub","study_variance","effect_size_variance","species_nonphylogenetic_variance","species_phylogenetic_variance","correlation_offdiag_mean","covariance_offdiag_mean","error","delta_REML_logLik_from_grid_max","within_95pct_LR_grid"
0.00072815360673701,1373.33660198592,-189.434253588927,388.868507177853,0.338321142846169,0.0194944664556019,0.300087361580151,0.376554924112188,0.0194737830036618,0.0142911025565923,1.49271916922763e-09,0.081720458631205,4.22805387183253e-07,3.45518501523597e-08,NA,29.055921637601,FALSE
0.000787412681811984,1269.98208575815,-189.426595457107,388.853190914215,0.338321810124674,0.0194952544693009,0.300086483356322,0.376557136893026,0.0194701205485169,0.0142911199546094,1.49271857549901e-09,0.0817247525905127,7.76778903046592e-07,6.34820636690126e-08,NA,29.0482635057818,FALSE
0.000851494417856088,1174.40581996747,-189.413909285792,388.827818571584,0.338322918509368,0.0194965600829638,0.300085031088878,0.376560805929858,0.0194640593976575,0.0142911487305851,1.49271915182591e-09,0.0817318561627561,1.36352208568033e-06,1.11443190981566e-07,NA,29.0355773344663,FALSE
0.000920791295831835,1086.02242932434,-189.39379131549,388.78758263098,0.338324684179699,0.019498631229891,0.300082734694789,0.376566633664609,0.0194544611682787,0.0142911943889372,1.49271908015503e-09,0.0817430994938187,2.29492190720997e-06,1.87594029791609e-07,NA,29.0154593641646,FALSE
0.000995727737845214,1004.29059269156,-189.36314936169,388.726298723379,0.33832739239616,0.0195017874838519,0.300079252666247,0.376575532126074,0.0194398744152456,0.0142912642931711,1.49271911933121e-09,0.0817601735788409,3.71574653981263e-06,3.03800082070058e-07,NA,28.9848174103641,FALSE
0.0010767627066008,928.709727658442,-189.318186012169,388.636372024339,0.338331407348062,0.019506421486483,0.300074179118939,0.376588635577185,0.0194185411786805,0.0142913605751356,1.49271912589913e-09,0.0817851065864413,5.80544190089719e-06,4.74798684646269e-07,NA,28.9398540608438,FALSE
0.00116439251640745,858.816924627222,-189.254440670013,388.508881340025,0.338337185313797,0.019512999296066,0.300067056268261,0.376607314359333,0.0193884409651233,0.0142915042520599,1.49271914986381e-09,0.0818202330647374,8.7778583034263e-06,7.1820641219558e-07,NA,28.876108718687,FALSE
0.00125915387295107,794.184111633876,-189.166894433774,388.333788867549,0.338345287331755,0.0195220474561227,0.300057412462128,0.376633162201382,0.0193473739346213,0.0142917028274811,1.49271914625807e-09,0.0818680454399002,1.28789142896098e-05,1.05437154027835e-06,NA,28.7885624824489,FALSE
0.00136162716045221,734.415432538737,-189.050133334366,388.100266668733,0.338356401101621,0.0195341421865747,0.30004480528125,0.376667996921991,0.0192930858331146,0.0142919687322944,1.49271911187073e-09,0.0819310569790674,1.83825341771815e-05,1.50610045509031e-06,NA,28.6718013830408,FALSE
0.00147243999634125,679.144822529151,-188.898557432342,387.797114864684,0.338371368302391,0.019549890446737,0.300028885997605,0.376713850607177,0.0192234184083429,0.0142923157936573,1.49271910169969e-09,0.0820115837062532,2.55854478215351e-05,2.0983030956778e-06,NA,28.5202254810163,FALSE
0.00159227107522251,628.03376608487,-188.706617202945,387.41323440589,0.338391233232011,0.0195699163926561,0.300009474774802,0.37677299168922,0.0191364736595728,0.0142927581872835,1.49271912409983e-09,0.0821115926967074,3.48015661234869e-05,2.85761202273929e-06,NA,28.3282852516193,FALSE
0.00172185432567038,580.769223674404,-188.469055517485,386.938111034969,0.338417289844682,0.0195948396976183,0.299986650224579,0.376847929464786,0.0190307868462289,0.0142933119193556,1.49271906767405e-09,0.0822324288621904,4.63566354236942e-05,3.81201872476942e-06,NA,28.0907235661591,FALSE
0.00186198340531651,537.061714483977,-188.181133773213,386.362267546426,0.338451158718143,0.0196252665237649,0.299960844081123,0.376941473355162,0.0189054401828013,0.0142939894856898,1.49271903659406e-09,0.0823747358454007,6.05837576051462e-05,4.99057102924571e-06,NA,27.8028018218877,FALSE
0.00201351656175923,496.64354343641,-187.838824098523,385.677648197046,0.338494867121791,0.0196617895400956,0.299932921233886,0.377056813009696,0.0187602196365541,0.0142948209599431,1.49271904112266e-09,0.0825383851582402,7.78201923683244e-05,6.42315301078511e-06,NA,27.4604921471972,FALSE
0.00217738188906659,459.267161640941,-187.438955295806,384.877910591611,0.33855092713425,0.0197049606183076,0.299904311395793,0.377197542872706,0.0185953260715009,0.0142957751218616,1.49271895085397e-09,0.082722528063413,9.84056878268814e-05,8.14036727285866e-06,NA,27.0606233444801,FALSE
0.00235458301206767,424.703650232257,-186.979307135219,383.958614270439,0.33862240032828,0.0197553471745828,0.299876963287083,0.377367837369477,0.0184120268941993,0.0142969053105703,1.49271884167019e-09,0.0829255379769496,0.000122682454562204,1.01735085449034e-05,NA,26.6009751838939,FALSE
0.00254620523324657,392.741318312718,-186.458654425959,382.917308851919,0.338712953647145,0.0198134975473056,0.299853468415079,0.377572438879211,0.0182118580820995,0.0142982032713187,1.49271886639542e-09,0.0831454347878947,0.000150996822117716,1.25546964265679e-05,NA,26.0803224746337,FALSE
0.00275342217988698,363.184406410587,-185.876767772527,381.753535545053,0.338826854297556,0.0198799812277357,0.299836977064195,0.377816731530917,0.0179969167815641,0.0142996751648769,1.49271868974399e-09,0.0833799502135972,0.000183702587487673,1.53171125988312e-05,NA,25.4984358212012,FALSE
0.00297750299217904,335.851887513357,-185.234381133791,380.468762267581,0.338968920739861,0.0199553962904078,0.299831134713154,0.378106706766568,0.0177696158041943,0.0143013264664665,1.49271848688972e-09,0.0836267666974479,0.000221166057588446,1.84954022993433e-05,NA,24.8560491824651,FALSE
0.0032198200963134,310.576358332868,-184.533136984411,379.066273968821,0.339144430372253,0.0200403930398628,0.299839943341731,0.378448917402775,0.0175325834092652,0.0143031556036854,1.49271854041651e-09,0.083883780890612,0.000263772770677013,2.21262573003802e-05,NA,24.1548050330852,FALSE
0.00348185761017036,287.203014011556,-183.775518328281,377.551036656562,0.339358984205925,0.0201356984909504,0.299867578093589,0.378850390318262,0.0172885642256872,0.0143051399385451,1.49271856247479e-09,0.0841493624075227,0.000311935827745598,2.62492010168549e-05,NA,23.3971863769552,FALSE
0.00376522043308634,265.588699990216,-182.964773844378,375.929547688756,0.339618285180889,0.0202421023540044,0.299918193078857,0.37931837728292,0.0170402602702613,0.0143072901165211,1.49271865480257e-09,0.0844221664560369,0.000366105658311574,3.09074328264767e-05,NA,22.5864418930527,FALSE
0.00407164407536966,245.601035230274,-182.104839022798,374.209678045596,0.33992799294532,0.0203605071000629,0.299995677962402,0.379860307928237,0.0167903535703712,0.0143095825154751,1.49271840325524e-09,0.084701570224167,0.000426780885877726,3.61490111755044e-05,NA,21.7265070714726,FALSE
0.00440300528776841,227.117601420559,-181.200253125995,372.40050625199,0.340293497718518,0.0204919182529468,0.300103450866574,0.380483544570462,0.0165413675022276,0.0143120026230756,1.49271820950535e-09,0.08498748390842,0.000494519763355262,4.2027990430551e-05,NA,20.8219211746696,FALSE
0.00476133355599275,210.025193202726,-180.256069776545,370.51213955309,0.34071974579836,0.0206374700843263,0.30024423348387,0.38119525811285,0.0162956811020682,0.0143145298773068,1.49271837578901e-09,0.0852804374779179,0.000569951449083011,4.86057089189724e-05,NA,19.8777378252195,FALSE
0.00514882353069183,194.219124823187,-179.277758294799,368.555516589598,0.341211041059647,0.0207984329750845,0.300419838137712,0.382002243981583,0.0160554263813033,0.0143171789317976,1.49271820257431e-09,0.0855815261232703,0.000653786231330188,5.59520234356189e-05,NA,18.8994263434734,FALSE
0.00556784846901539,179.602588965004,-178.271093770988,366.542187541977,0.341770823293893,0.0209762205868473,0.300630932056972,0.382910714530814,0.0158226068638687,0.014319907732621,1.49271831593894e-09,0.0858922043068952,0.000746823729594535,6.41463363635713e-05,NA,17.8927618196628,FALSE
0.00602097477008531,166.086063832789,-177.242036190008,364.484072380016,0.34240141368015,0.0211724223244464,0.300876719179366,0.383926108180933,0.0155989255229545,0.0143227312239544,1.49271802895935e-09,0.0862145730490437,0.000849958147836771,7.32787788253031e-05,NA,16.8637042386827,FALSE
0.00651097769340239,153.586764859186,-176.196602335429,362.393204670858,0.343103609267755,0.0213887872181909,0.301154566245307,0.385052652290204,0.0153858380640355,0.0143256606112376,1.49271781311173e-09,0.0865510237879289,0.00096417985870843,8.34507538869153e-05,NA,15.8182703841036,FALSE
0.00704085835645892,142.028137674812,-175.140738059624,360.281476119248,0.343876177767984,0.0216272276418528,0.301459490297608,0.386292865238359,0.015184630433463,0.0143287029401373,1.49271793324252e-09,0.0869041424223506,0.00109057296678063,9.47753084270695e-05,NA,14.7624061082983,FALSE
0.00761386211566209,131.339389236239,-174.080202404653,358.160404809305,0.344715236733446,0.0218898125136461,0.301783551195554,0.387646922271339,0.0149963729520559,0.014331877569319,1.49271789251781e-09,0.0872766941525426,0.00123030900952454,0.000107377303137391,NA,13.701870453327,FALSE
0.00823349844314578,121.455054240337,-173.020479107062,356.040958214124,0.345613579993383,0.0221787597902401,0.302115192771407,0.389111967215359,0.0148218578910512,0.0143352070048466,1.49271776871499e-09,0.0876717150504733,0.0013846375491233,0.000121393548654924,NA,12.6421471557362,FALSE
0.00890356242121006,112.314594169386,-171.966735388299,353.933470776598,0.346559969218186,0.0224963819142393,0.302438641386786,0.390681297049585,0.0146619406320276,0.0143387196390456,1.49271750220309e-09,0.0880918731408324,0.00155487499659137,0.000136971850949579,NA,11.5884034369735,FALSE
0.00962815798603539,103.862026511238,-170.923851319356,351.847702638711,0.347538742889791,0.0228450842689633,0.302733517933645,0.392343967845938,0.0145173100969606,0.0143424379419207,1.49271712746307e-09,0.088539988616357,0.00174239348446625,0.000154271499279856,NA,10.54551936803,FALSE
0.0104117230630319,96.0455818836194,-169.896541096053,349.793082192105,0.348529703505475,0.0232272830470943,0.302974886119268,0.394084520891683,0.0143887743956175,0.0143463815796582,1.49271824286618e-09,0.089018408861817,0.00194861186290633,0.000173462327525182,NA,9.51820914472705,FALSE
0.0112590567477703,88.8173869625476,-168.889573407843,347.779146815687,0.349508762752305,0.0236454403916413,0.303133828720043,0.395883696784567,0.0142774120551195,0.0143505081633841,1.49271802114209e-09,0.0895298336361603,0.0021749908691145,0.000194726570671989,NA,8.51124145651784,FALSE
0.0121753486989692,82.1331712729235,-167.908066915631,345.816133831262,0.350448900885556,0.024101735128809,0.303179052739413,0.3977187490317,0.0141842622562146,0.0143549203005562,1.49271716292165e-09,0.090075014241727,0.00242303420820555,0.000218254840812306,NA,7.52973496430559,FALSE
0.0131662109235613,75.9519960454587,-166.957793351901,343.915586703802,0.351322600536903,0.0245984458029899,0.303078571983597,0.399566629090209,0.0141110589795974,0.0143595057674781,1.49271714079143e-09,0.0906568068205673,0.00269429675782692,0.000244256340691596,NA,6.57946140057538,FALSE
0.0142377121485137,70.2360034792803,-166.045383519247,342.090767038494,0.352103735648297,0.0251374738962605,0.302802531087569,0.401404940209024,0.0140596596255519,0.0143642561493999,1.4927171233313e-09,0.0912767138341497,0.00299040050121967,0.000272953930799326,NA,5.66705156792148,FALSE
0.0153964149899176,64.9501848745215,-165.178327648848,340.356655297697,0.352770077145255,0.0257204739780619,0.302325455930554,0.403214698359956,0.0140322267999372,0.0143691364249462,1.49271681005209e-09,0.0919366233542537,0.00331305824741341,0.00030459138824315,NA,4.79999569752283,FALSE
0.0166494161469969,60.0621662147817,-164.364708383747,338.729416767495,0.353305112555892,0.0263489069357298,0.301627968855975,0.40498225625581,0.0140309111980945,0.0143740925206151,1.4927175173248e-09,0.0926395678734713,0.00366410480632654,0.0003394410859012,NA,3.98637643242171,FALSE
0.0180043898672132,55.5420098862135,-163.612691547443,337.225383094886,0.353698759136539,0.0270240076908499,0.300697565113799,0.406699953159278,0.0140579041867425,0.0143790490921416,1.49271759748755e-09,0.0933889295800652,0.00404553505315643,0.000377808188192911,NA,3.23435959611732,FALSE
0.0194696349486753,51.3620313188275,-162.929887187561,335.859774375123,0.353947279290557,0.027746980550013,0.299528145145093,0.408366413436022,0.0141147159023555,0.0143840052176478,1.49271743709958e-09,0.094189480793605,0.00445954816221142,0.000420042525972768,NA,2.55155523623591,FALSE
0.0210541255677304,47.4966294269993,-162.322736635793,334.645473271586,0.35405211569516,0.0285189901806202,0.298118867407658,0.409985363982662,0.0142028948830388,0.0143888863967642,1.49271758338446e-09,0.0950455466310173,0.0049085971214842,0.000466540296602904,NA,1.94440468446726,FALSE
0.0227675662430393,43.9221298106789,-161.796061618434,333.592123236868,0.354018719564798,0.0293414785999567,0.296472354940393,0.411565084189203,0.014323261329417,0.0143936657949017,1.4927181079359e-09,0.0959624756495454,0.00539544243284486,0.000517760013080399,NA,1.41772966710846,TRUE
0.0246204512727745,40.6166397569573,-161.352846312359,332.705692624718,0.353855016825287,0.0302161318968261,0.294593226805051,0.413116806845522,0.0144762805052418,0.0143983171402039,1.4927178339836e-09,0.0969447759814512,0.00592320875367587,0.000574224145716478,NA,0.974514361033357,TRUE
0.026624129008975,37.5599141539203,-160.994249773372,331.988499546744,0.353570325095609,0.0311450749311717,0.292486633210829,0.414654016980389,0.0146621492269092,0.014402842084184,1.49271852364607e-09,0.0979964917948457,0.00649544331632437,0.000636530657652066,NA,0.615917822046526,TRUE
0.0287908713627192,34.7332314955526,-160.719794991017,331.439589982035,0.353174398168437,0.03213091170153,0.290157220823682,0.416191575513192,0.0148809573858982,0.0144071905293708,1.4927184350177e-09,0.0991206688067595,0.00711617539450003,0.000705360064449049,NA,0.341463039691916,TRUE
0.0311339489658127,32.1192792182601,-160.527661886432,331.055323772864,0.352676612638661,0.0331767108607952,0.287608347802254,0.417744877475069,0.0151324971201482,0.0144113960824635,1.49271873467638e-09,0.100318877290911,0.00778997679239432,0.000781481725935253,NA,0.149329935106266,TRUE
0.0336677124493353,29.7020476667325,-160.415017318356,330.830034636712,0.352085358053108,0.0342861231337271,0.284841243660945,0.419329472445272,0.0154166609634151,0.0144154490025014,1.49271895950951e-09,0.101591732876652,0.00852202395280113,0.000865767180981404,NA,0.0366853670302589,TRUE
0.0364076803368505,27.4667320397185,-160.378331951326,330.756663902651,0.351407472834767,0.0354633453743924,0.281854515686964,0.420960429982571,0.0157332996302994,0.0144193528993571,1.49271914888632e-09,0.102938740811989,0.00931816223761237,0.000959199887421645,NA,0,TRUE
0.0393706340905992,25.3996417151629,-160.413651132222,330.827302264445,0.350647969167691,0.0367130782410567,0.278643956835904,0.422651981499478,0.0160823355057824,0.0144231071464453,1.49271929633835e-09,0.104358231465429,0.0101849716547404,0.00106288562941423,NA,0.0353191808968631,TRUE
0.0425747208928044,23.4881163993493,-160.516800653706,331.033601307411,0.349810271143073,0.0380405209708755,0.27520279412603,0.424417748160115,0.0164637091703932,0.0144267208467679,1.49271933972692e-09,0.10584773870322,0.0111298305377197,0.00117806739456767,NA,0.138468702380123,TRUE
0.0460395647915918,21.7204485864869,-160.683519254649,331.367038509298,0.348897027121632,0.0394513080694738,0.271522625169066,0.426271429074198,0.0168773672632727,0.0144302078520379,1.49271985165815e-09,0.107404034044836,0.0121609697958375,0.00130613721397035,NA,0.305187303323692,TRUE
0.0497863868922607,20.0858118538313,-160.909520146516,331.819040293033,0.347911517026711,0.0409514488940934,0.267594943956645,0.428228090096776,0.0173232867318242,0.0144335945768573,1.49272006042998e-09,0.10902314331679,0.0132875064840068,0.00144864572372865,NA,0.531188195190907,TRUE
0.0538381353300402,18.5741945531688,-161.190494440634,332.380988881268,0.346859494652719,0.0425473543685004,0.26341293077379,0.430306058531647,0.0178013539957165,0.0144368754949473,1.4927207381749e-09,0.110700816034626,0.0145194433991385,0.00160731423265319,NA,0.812162489308321,TRUE
0.0582196258203726,17.1763384925444,-161.522078276363,333.044156552727,0.345750957371131,0.044245728526113,0.25897343461739,0.432528480124871,0.0183114255757657,0.0144401023693781,1.49272055366294e-09,0.112431981873093,0.0158676232367224,0.00178402832812024,NA,1.14374632503791,TRUE
0.0629576936475535,15.8836822326775,-161.899809685577,333.799619371153,0.344601627149536,0.0460536519254913,0.254278290615512,0.43492496368356,0.0188532137123039,0.0144432975580912,1.49272066367199e-09,0.114211307742992,0.0173436330944463,0.00198083901673135,NA,1.52147773425111,TRUE
0.0680813580226104,14.6883086507747,-162.319098841652,334.638197683305,0.343433607899981,0.0479786002865146,0.249334940825295,0.437532274974667,0.0194262821744679,0.0144464946951571,1.49272067736082e-09,0.116033269056299,0.0189596680079678,0.00219995225918664,NA,1.94076689032693,FALSE
0.0736219998170623,13.582896450583,-162.775227041829,335.550454083658,0.342275011018212,0.050028365965272,0.244156213780606,0.440393808255818,0.0200299314908345,0.0144497345031509,1.49272149807228e-09,0.117891816659033,0.0207283789543027,0.0024437062513196,NA,2.39689509050368,FALSE
0.0796135537611256,12.5606753216974,-163.263378699607,336.526757399214,0.341158664965871,0.0522112787158889,0.23875860110217,0.443558728829572,0.020663310628365,0.0144530675002805,1.49272106431126e-09,0.119781658412532,0.0226627474166565,0.00271458146975144,NA,2.88504674828141,FALSE
0.086092716283519,11.6153844734881,-163.778700666704,337.557401333408,0.340119781258029,0.054536107839481,0.23316011539677,0.447079447119288,0.0213250971881945,0.0144565231747918,1.49272177490429e-09,0.121698045238651,0.0247760397253627,0.0030151956033318,NA,3.40036871537836,FALSE
0.0930991702658256,10.7412342896795,-164.316377211394,338.632754422788,0.339193064908934,0.0570121045006443,0.227377317709214,0.451008812108654,0.0220137039757576,0.0144601483319123,1.49272198071317e-09,0.123637241817282,0.0270818944531668,0.0033483307333763,NA,3.93804526006829,FALSE
0.100675828087961,9.9328708687282,-164.871707804269,339.743415608539,0.338409693576022,0.0596492936390722,0.22142172415081,0.455397663001234,0.0227269710023928,0.01446398346123,1.49272214781328e-09,0.125598187096194,0.0295945814315282,0.00371702577567065,NA,4.49337585294381,FALSE
0.108869094453329,9.18534323281881,-165.440177507416,340.880355014831,0.337794461746133,0.0624585577899739,0.215296785691675,0.460292137800591,0.0234622022337901,0.0144680670768006,1.49272179078836e-09,0.127582814497438,0.0323294413119536,0.00412468111370877,NA,5.06184555609002,FALSE
0.117729150603383,8.49407300464514,-166.017514204238,342.035028408475,0.337363683878771,0.0654519556463728,0.208995166519455,0.465732201238087,0.0242161051787439,0.0144724315613094,1.49272287086299e-09,0.129597131240251,0.035303474453012,0.00457522901192384,NA,5.63918225291206,FALSE
0.127310261662328,7.85482636625437,-166.599731090068,343.199462180135,0.337124101084121,0.0686430807206374,0.202496947287649,0.471751254880593,0.0249847659533971,0.0144771039684792,1.49272245662775e-09,0.131651989395656,0.038536006088735,0.00507334186494507,NA,6.22139913874207,FALSE
0.137671108994349,7.26368812821175,-167.183155482603,344.366310965207,0.337072977082671,0.072047709506951,0.195768449857982,0.47837750430736,0.025763609148622,0.0144820730484815,1.49272201936364e-09,0.133764568748416,0.0420493227945053,0.00562470952976995,NA,6.80482353127786,FALSE
0.148875149608952,6.71703775026714,-167.764445886137,345.528891772273,0.337199076127829,0.0756837788420691,0.188763259624534,0.485634892631124,0.0265476658832916,0.0144873721746537,1.49272260065348e-09,0.135956790915357,0.0458691645675789,0.00623622441657643,NA,7.38611393481119,FALSE
0.16099100481567,6.21152716665737,-168.34059897287,346.68119794574,0.337484622706129,0.0795722392045251,0.181422511669546,0.493546733742712,0.0273315630658384,0.0144929833398243,1.49272282268396e-09,0.138257212327521,0.0500249747905741,0.00691631356129931,NA,7.96226702154456,FALSE
0.174092880508518,5.74406028023112,-168.908947637144,347.817895274289,0.337907470014846,0.0837370043631007,0.173677157993642,0.50213778203605,0.0281098122055872,0.0144988860630735,1.49272332412483e-09,0.14069939557719,0.0545498569201504,0.00767513189748737,NA,8.5306156858187,FALSE
0.188261021654317,5.31177399980433,-169.467151160936,348.934302321873,0.338443370553158,0.0882051163516495,0.165449914547925,0.51143682655839,0.0288770257043609,0.0145050476315451,1.49272289680146e-09,0.143321477529742,0.0594802526106324,0.00852479768799811,NA,9.08881920961073,FALSE
0.203582203768483,4.91202070460548,-170.013178940786,350.026357881572,0.339067907567648,0.0930064191571037,0.156657832663215,0.521477982472081,0.0296281720995998,0.0145114320370611,1.49272153821732e-09,0.146164342458052,0.0648554235819508,0.00947955034269428,NA,9.63484698946058,FALSE
0.220150264388421,4.54235202841118,-170.545289870526,351.090579741051,0.339758072734116,0.0981738030666141,0.147213397502779,0.532302747965454,0.0303587921309985,0.0145179791361565,1.4927230604221e-09,0.149271995575026,0.0707168675711605,0.010556047943162,NA,10.1669579192001,FALSE
0.238066677799637,4.20050386405452,-171.06200991476,352.12401982952,0.340493147157161,0.103742311375913,0.137027161042009,0.543959133272313,0.0310650978476211,0.0145246516295567,1.4927226159704e-09,0.152688367124347,0.0771078090699002,0.011773465459419,NA,10.6836779634345,FALSE
0.257441176534591,3.88438249646375,-171.562110328727,353.124220657453,0.341255229547863,0.109748938910292,0.126008665399507,0.55650179369622,0.0317441978132915,0.0145313846375187,1.49272347904288e-09,0.156456669813482,0.0840728703353675,0.0131537613143323,NA,11.183778377401,FALSE
0.27839242345077,3.59205177930009,-172.044588333917,354.089176667833,0.342029443415102,0.116233348672143,0.114065244493899,0.569993642336304,0.032393941167698,0.0145381283718336,1.49272290086814e-09,0.160621468678357,0.0916579537152758,0.0147222351418005,NA,11.6662563825912,FALSE
0.301048738504266,3.32172127665578,-172.508651043897,355.017302087793,0.342803660481183,0.123236607754911,0.101104226665011,0.584503094297356,0.0330130269385503,0.0145448337485544,1.49272037999869e-09,0.165225027825053,0.0999102723688568,0.016507677532153,NA,12.1303190925712,FALSE
0.325548884670119,3.07173529718373,-172.953702394413,355.907404788825,0.343568282659221,0.130801734035537,0.0870316444434301,0.600104920875012,0.033600830568815,0.014551458954092,1.49272221774548e-09,0.170309470778427,0.108878380248797,0.018543019319385,NA,12.575370443087,FALSE
0.352042917822946,2.84056275349625,-173.379332070232,356.758664140463,0.34431588172377,0.138973816179428,0.0717516388598061,0.616880124587733,0.0341569060976074,0.0145580805218963,1.49272127581334e-09,0.175917988822496,0.118611999840666,0.0208659844621841,NA,13.0010001189062,FALSE
0.380693105783105,2.62678778472479,-173.785305055103,357.570610110206,0.3450407491259,0.147796108211068,0.0551736688351779,0.634907829416622,0.0346830973358171,0.0145643198229113,1.49272320984098e-09,0.182086315773566,0.129161444379109,0.0235185315469842,NA,13.4069731037773,FALSE
0.411674922157289,2.42910108480674,-174.171550694196,358.343101388393,0.345738829675861,0.157316981251247,0.0371988106766717,0.654278848675049,0.0351788456458644,0.0145705052002641,1.49272132834331e-09,0.188863001928472,0.140576482630822,0.0265496965102028,NA,13.7932187428707,FALSE
0.445178121060503,2.24629188338771,-174.538150254834,359.076300509668,0.346407186460816,0.167581315175131,0.0177361062201766,0.675078266701456,0.0356456773466086,0.0145764892845348,1.49272252221849e-09,0.196289803139018,0.152904587201265,0.0300136113207891,NA,14.1598183035084,FALSE
0.481407899301769,2.07724053022477,-174.885322868412,359.770645736824,0.347043912241088,0.178633352688285,-0.00330312336791927,0.697390947850096,0.0360848765087117,0.0145822900083022,1.49272316286376e-09,0.204412264534303,0.166188620081639,0.0339709921707188,NA,14.5069909170865,FALSE
0.520586153151596,1.92091163767239,-175.21340989133,360.42681978266,0.347647952775328,0.190515982905747,-0.0260040491754934,0.72129995472615,0.0364977142103535,0.0145878359567595,1.49272366526076e-09,0.213280753837763,0.180464116858424,0.0384895228842307,NA,14.8350779400043,FALSE
0.562952837388517,1.77634773925095,-175.522858201899,361.045716403798,0.348218851287807,0.203267117428389,-0.0504414826090357,0.746879185184649,0.0368857622992647,0.0145931831613871,1.49272346991026e-09,0.222944857876277,0.195756411960395,0.0436428854428804,NA,15.1445262505734,FALSE
0.608767434948458,1.64266342545847,-175.814203057539,361.628406115078,0.348756732810339,0.21692238223978,-0.0766851705701996,0.774198636190877,0.0372502692024982,0.0145983001357963,1.49272359657854e-09,0.233461904026735,0.212077887742179,0.0495121074742572,NA,15.4358711062137,FALSE
0.658310546178063,1.51903992090917,-176.088051161633,362.176102323266,0.349262127936308,0.231512498714086,-0.104794835168733,0.803319091041348,0.037592609783644,0.014603194297634,1.49272351204926e-09,0.244892670539661,0.229425626111382,0.0561846542686502,NA,15.7097192103076,FALSE
0.711885607425686,1.4047200695856,-176.345064502367,362.690129004734,0.349735876012308,0.247063114951352,-0.134819939734918,0.834291691759534,0.0379141256204311,0.0146078659592642,1.4927235538815e-09,0.257302205420524,0.247779697779895,0.0637542626971978,NA,15.9667325510416,FALSE
0.769820749495879,1.29900369749043,-176.585945393577,363.171890787154,0.350179066148025,0.263595622607936,-0.166801349829229,0.86715948212528,0.0382160572157639,0.0146123205202065,1.49272457985016e-09,0.270762039672017,0.267102252343593,0.072321150645541,NA,16.2076134422516,FALSE
0.832470807349846,1.20124332429563,-176.811423000541,363.622846001082,0.350592954415408,0.281126892611257,-0.200770897710205,0.90195680654102,0.0384996107584313,0.0146165585860735,1.49272493733559e-09,0.285349522419489,0.28733748644189,0.0819916145294096,NA,16.4330910492156,FALSE
0.900219493360662,1.11084019772427,-177.02224149857,364.044482997139,0.350978908487744,0.299669907009444,-0.236752676918876,0.938710493894364,0.0387659134539971,0.0146205890437433,1.49272617474657e-09,0.301148645823113,0.308412481092454,0.0928780010359389,NA,16.643909547244,FALSE
0.973481747433767,1.02724062637655,-177.219149901375,364.43829980275,0.351338356704672,0.319233821013268,-0.274763214894334,0.977439928303679,0.0390161017958902,0.0146244130546465,1.49272516022686e-09,0.318249410555898,0.330238824178586,0.105098311137508,NA,16.8408179500497,FALSE
1.05270627838652,0.949932588539985,-177.402893512244,364.805787024489,0.351672792621165,0.339828990952512,-0.31482132957095,1.01816691481328,0.0392508378130502,0.0146280414994519,1.49272527258221e-09,0.336756952706688,0.35271487736319,0.118779187275141,NA,17.0245615609189,FALSE
1.13837831215196,0.878442596213577,-177.574206896633,365.148413793266,0.351983646485202,0.361457996708047,-0.356930650526365,1.06089794349677,0.0394713985119804,0.0146314823133295,1.49272671446063e-09,0.35677260740486,0.375728511708932,0.134049640798743,NA,17.1958749453073,FALSE
1.23102256363872,0.812332795139145,-177.733808236852,365.467616473703,0.352272378641351,0.384127499930803,-0.401102782667381,1.10564753995008,0.0396785000796864,0.0146347387294173,1.49272669453868e-09,0.378416704850988,0.399160122749248,0.151048858358686,NA,17.3554762855262,FALSE
1.33120645044875,0.751198283078406,-177.882394917684,365.764789835368,0.352540392649749,0.407842522478432,-0.447346171618881,1.15242695691838,0.0398729577524135,0.014637818438282,1.49272644531267e-09,0.401816338093277,0.422885740839903,0.169922399816152,NA,17.5040629663582,FALSE
1.43954356813596,0.694664629911052,-178.020640183956,366.041280367912,0.352789042209736,0.432608967240273,-0.495671040801648,1.20124912522112,0.0400555027317923,0.0146407360050612,1.49272677890692e-09,0.427109793519494,0.446780071973439,0.1908241442892,NA,17.6423082326304,FALSE
1.55669744829064,0.642385584365203,-178.149190717817,366.298381435634,0.353019625414727,0.458434009661356,-0.546090165059133,1.25212941588859,0.0402268604833384,0.0146434823702348,1.49272691626058e-09,0.454446955239866,0.470719332971489,0.213916967641434,NA,17.7708587664916,FALSE
1.68338562246676,0.59404095333465,-178.268664992963,366.537329985927,0.353233375494187,0.485326897876485,-0.598620449189098,1.30508720017747,0.0403876605006678,0.0146460780541319,1.49273015148995e-09,0.483990766865802,0.49458377841524,0.239373982194578,NA,17.8903330416379,FALSE
1.82038401684253,0.549334640794369,-178.379652276095,366.759304552189,0.353431458696386,0.513298622813158,-0.653282283045806,1.36014520043858,0.0405385529420335,0.0146485263518999,1.49272614833134e-09,0.51591669161947,0.518259850877718,0.267378907664032,NA,18.001320324769,FALSE
