"site_id","site_key","lat","long"
"-0.60000000_-76.10000000","-0.60000000_-76.10000000",-0.6,-76.1
"-0.60000000_-76.20000000","-0.60000000_-76.20000000",-0.6,-76.2
"-1.80000000_-80.60000000","-1.80000000_-80.60000000",-1.8,-80.6
"-11.90000000_-71.40000000","-11.90000000_-71.40000000",-11.9,-71.4
"-13.00000000_40.50000000","-13.00000000_40.50000000",-13,40.5
"-13.10000000_-71.60000000","-13.10000000_-71.60000000",-13.1,-71.6
"-16.30000000_34.90000000","-16.30000000_34.90000000",-16.3,34.9
"-19.30000000_-43.50000000","-19.30000000_-43.50000000",-19.3,-43.5
"-2.40000000_-60.00000000","-2.40000000_-60.00000000",-2.4,-60
"-25.10000000_30.60000000","-25.10000000_30.60000000",-25.1,30.6
"-25.40000000_-49.00000000","-25.40000000_-49.00000000",-25.4,-49
"-25.40000000_28.30000000","-25.40000000_28.30000000",-25.4,28.3
"-25.90000000_26.30000000","-25.90000000_26.30000000",-25.9,26.3
"-26.50000000_24.10000000","-26.50000000_24.10000000",-26.5,24.1
"-26.50000000_27.60000000","-26.50000000_27.60000000",-26.5,27.6
"-27.00000000_24.70000000","-27.00000000_24.70000000",-27,24.7
"-27.30000000_26.20000000","-27.30000000_26.20000000",-27.3,26.2
"-27.40000000_26.60000000","-27.40000000_26.60000000",-27.4,26.6
"-27.40000000_29.50000000","-27.40000000_29.50000000",-27.4,29.5
"-27.40000000_30.00000000","-27.40000000_30.00000000",-27.4,30
"-27.70000000_27.30000000","-27.70000000_27.30000000",-27.7,27.3
"-27.70000000_29.50000000","-27.70000000_29.50000000",-27.7,29.5
"-27.90000000_29.70000000","-27.90000000_29.70000000",-27.9,29.7
"-28.00000000_26.30000000","-28.00000000_26.30000000",-28,26.3
"-28.00000000_30.20000000","-28.00000000_30.20000000",-28,30.2
"-28.10000000_24.10000000","-28.10000000_24.10000000",-28.1,24.1
"-28.10000000_26.40000000","-28.10000000_26.40000000",-28.1,26.4
"-28.30000000_26.20000000","-28.30000000_26.20000000",-28.3,26.2
"-28.40000000_23.80000000","-28.40000000_23.80000000",-28.4,23.8
"-28.50000000_24.90000000","-28.50000000_24.90000000",-28.5,24.9
"-28.50000000_29.90000000","-28.50000000_29.90000000",-28.5,29.9
"-28.60000000_23.60000000","-28.60000000_23.60000000",-28.6,23.6
"-28.90000000_24.80000000","-28.90000000_24.80000000",-28.9,24.8
"-28.90000000_27.20000000","-28.90000000_27.20000000",-28.9,27.2
"-29.20000000_22.40000000","-29.20000000_22.40000000",-29.2,22.4
"-29.20000000_23.20000000","-29.20000000_23.20000000",-29.2,23.2
"-29.30000000_23.50000000","-29.30000000_23.50000000",-29.3,23.5
"-29.30000000_25.40000000","-29.30000000_25.40000000",-29.3,25.4
"-29.30000000_25.50000000","-29.30000000_25.50000000",-29.3,25.5
"-29.30000000_25.90000000","-29.30000000_25.90000000",-29.3,25.9
"-29.40000000_25.00000000","-29.40000000_25.00000000",-29.4,25
"-29.50000000_24.00000000","-29.50000000_24.00000000",-29.5,24
"-29.50000000_25.50000000","-29.50000000_25.50000000",-29.5,25.5
"-29.50000000_27.20000000","-29.50000000_27.20000000",-29.5,27.2
"-29.60000000_30.30000000","-29.60000000_30.30000000",-29.6,30.3
"-29.90000000_25.10000000","-29.90000000_25.10000000",-29.9,25.1
"-30.00000000_24.40000000","-30.00000000_24.40000000",-30,24.4
"-30.10000000_26.50000000","-30.10000000_26.50000000",-30.1,26.5
"-30.20000000_24.20000000","-30.20000000_24.20000000",-30.2,24.2
"-30.20000000_28.30000000","-30.20000000_28.30000000",-30.2,28.3
"-30.40000000_24.90000000","-30.40000000_24.90000000",-30.4,24.9
"-30.50000000_22.50000000","-30.50000000_22.50000000",-30.5,22.5
"-30.60000000_24.10000000","-30.60000000_24.10000000",-30.6,24.1
"-30.60000000_26.40000000","-30.60000000_26.40000000",-30.6,26.4
"-30.90000000_26.70000000","-30.90000000_26.70000000",-30.9,26.7
"-31.10000000_24.20000000","-31.10000000_24.20000000",-31.1,24.2
"-31.70000000_23.30000000","-31.70000000_23.30000000",-31.7,23.3
"-32.00000000_18.00000000","-32.00000000_18.00000000",-32,18
"-32.00000000_22.80000000","-32.00000000_22.80000000",-32,22.8
"-32.10000000_18.30000000","-32.10000000_18.30000000",-32.1,18.3
"-32.90000000_20.90000000","-32.90000000_20.90000000",-32.9,20.9
"-33.30000000_20.80000000","-33.30000000_20.80000000",-33.3,20.8
"-33.50000000_22.20000000","-33.50000000_22.20000000",-33.5,22.2
"-33.90000000_18.80000000","-33.90000000_18.80000000",-33.9,18.8
"-34.00000000_20.70000000","-34.00000000_20.70000000",-34,20.7
"-34.00000000_25.60000000","-34.00000000_25.60000000",-34,25.6
"-34.10000000_18.30000000","-34.10000000_18.30000000",-34.1,18.3
"-34.10000000_18.90000000","-34.10000000_18.90000000",-34.1,18.9
"-35.40000000_-72.30000000","-35.40000000_-72.30000000",-35.4,-72.3
"-35.60000000_-58.00000000","-35.60000000_-58.00000000",-35.6,-58
"-4.80000000_38.50000000","-4.80000000_38.50000000",-4.8,38.5
"-41.00000000_-71.30000000","-41.00000000_-71.30000000",-41,-71.3
"-42.10000000_-73.70000000","-42.10000000_-73.70000000",-42.1,-73.7
"-5.90000000_-35.20000000","-5.90000000_-35.20000000",-5.9,-35.2
"-6.60000000_-37.30000000","-6.60000000_-37.30000000",-6.6,-37.3
"10.20000000_-84.10000000","10.20000000_-84.10000000",10.2,-84.1
"10.20000000_-84.50000000","10.20000000_-84.50000000",10.2,-84.5
"10.30000000_-83.90000000","10.30000000_-83.90000000",10.3,-83.9
"10.40000000_-84.00000000","10.40000000_-84.00000000",10.4,-84
"10.60000000_-83.60000000","10.60000000_-83.60000000",10.6,-83.6
"10.70000000_-61.30000000","10.70000000_-61.30000000",10.7,-61.3
"14.40000000_101.40000000","14.40000000_101.40000000",14.4,101.4
"16.70000000_-92.70000000","16.70000000_-92.70000000",16.7,-92.7
"19.50000000_-104.20000000","19.50000000_-104.20000000",19.5,-104.2
"20.90000000_-90.30000000","20.90000000_-90.30000000",20.9,-90.3
"22.90000000_-98.00000000","22.90000000_-98.00000000",22.9,-98
"23.60000000_58.50000000","23.60000000_58.50000000",23.6,58.5
"24.70000000_-98.00000000","24.70000000_-98.00000000",24.7,-98
"24.70000000_-98.50000000","24.70000000_-98.50000000",24.7,-98.5
"25.00000000_-104.10000000","25.00000000_-104.10000000",25,-104.1
"26.60000000_-98.70000000","26.60000000_-98.70000000",26.6,-98.7
"26.70000000_-81.70000000","26.70000000_-81.70000000",26.7,-81.7
"26.80000000_-81.20000000","26.80000000_-81.20000000",26.8,-81.2
"27.10000000_92.40000000","27.10000000_92.40000000",27.1,92.4
"27.20000000_-81.30000000","27.20000000_-81.30000000",27.2,-81.3
"28.50000000_-103.70000000","28.50000000_-103.70000000",28.5,-103.7
"29.00000000_-99.20000000","29.00000000_-99.20000000",29,-99.2
"3.00000000_102.30000000","3.00000000_102.30000000",3,102.3
"30.30000000_-105.10000000","30.30000000_-105.10000000",30.3,-105.1
"30.50000000_91.10000000","30.50000000_91.10000000",30.5,91.1
"30.80000000_-84.00000000","30.80000000_-84.00000000",30.8,-84
"31.20000000_-107.40000000","31.20000000_-107.40000000",31.2,-107.4
"31.20000000_-97.70000000","31.20000000_-97.70000000",31.2,-97.7
"31.30000000_-84.50000000","31.30000000_-84.50000000",31.3,-84.5
"31.50000000_-110.50000000","31.50000000_-110.50000000",31.5,-110.5
"31.90000000_-96.60000000","31.90000000_-96.60000000",31.9,-96.6
"32.20000000_-110.60000000","32.20000000_-110.60000000",32.2,-110.6
"32.60000000_-107.00000000","32.60000000_-107.00000000",32.6,-107
"32.70000000_-81.40000000","32.70000000_-81.40000000",32.7,-81.4
"33.00000000_-106.20000000","33.00000000_-106.20000000",33,-106.2
"33.20000000_-111.20000000","33.20000000_-111.20000000",33.2,-111.2
"33.20000000_-95.90000000","33.20000000_-95.90000000",33.2,-95.9
"33.30000000_-87.80000000","33.30000000_-87.80000000",33.3,-87.8
"33.40000000_-93.90000000","33.40000000_-93.90000000",33.4,-93.9
"33.50000000_-112.80000000","33.50000000_-112.80000000",33.5,-112.8
"33.50000000_-118.50000000","33.50000000_-118.50000000",33.5,-118.5
"33.60000000_-111.10000000","33.60000000_-111.10000000",33.6,-111.1
"33.70000000_-118.10000000","33.70000000_-118.10000000",33.7,-118.1
"33.70000000_-89.00000000","33.70000000_-89.00000000",33.7,-89
"33.80000000_-102.70000000","33.80000000_-102.70000000",33.8,-102.7
"33.80000000_-109.50000000","33.80000000_-109.50000000",33.8,-109.5
"34.20000000_-117.20000000","34.20000000_-117.20000000",34.2,-117.2
"34.30000000_-92.20000000","34.30000000_-92.20000000",34.3,-92.2
"34.70000000_-87.40000000","34.70000000_-87.40000000",34.7,-87.4
"34.70000000_-87.80000000","34.70000000_-87.80000000",34.7,-87.8
"34.70000000_-90.90000000","34.70000000_-90.90000000",34.7,-90.9
"34.70000000_-98.60000000","34.70000000_-98.60000000",34.7,-98.6
"34.90000000_-88.10000000","34.90000000_-88.10000000",34.9,-88.1
"35.00000000_-102.10000000","35.00000000_-102.10000000",35,-102.1
"35.00000000_-119.00000000","35.00000000_-119.00000000",35,-119
"35.40000000_-86.10000000","35.40000000_-86.10000000",35.4,-86.1
"35.50000000_-111.40000000","35.50000000_-111.40000000",35.5,-111.4
"35.50000000_-119.30000000","35.50000000_-119.30000000",35.5,-119.3
"35.60000000_-108.60000000","35.60000000_-108.60000000",35.6,-108.6
"35.90000000_-84.70000000","35.90000000_-84.70000000",35.9,-84.7
"36.00000000_-89.00000000","36.00000000_-89.00000000",36,-89
"36.10000000_-84.90000000","36.10000000_-84.90000000",36.1,-84.9
"36.10000000_-86.40000000","36.10000000_-86.40000000",36.1,-86.4
"36.10000000_-89.10000000","36.10000000_-89.10000000",36.1,-89.1
"36.20000000_-92.10000000","36.20000000_-92.10000000",36.2,-92.1
"36.20000000_-96.70000000","36.20000000_-96.70000000",36.2,-96.7
"36.40000000_-86.30000000","36.40000000_-86.30000000",36.4,-86.3
"36.50000000_-118.60000000","36.50000000_-118.60000000",36.5,-118.6
"36.50000000_-87.20000000","36.50000000_-87.20000000",36.5,-87.2
"36.60000000_-101.40000000","36.60000000_-101.40000000",36.6,-101.4
"36.60000000_-112.20000000","36.60000000_-112.20000000",36.6,-112.2
"36.60000000_-120.10000000","36.60000000_-120.10000000",36.6,-120.1
"36.60000000_-85.10000000","36.60000000_-85.10000000",36.6,-85.1
"36.60000000_-87.60000000","36.60000000_-87.60000000",36.6,-87.6
"36.70000000_-113.00000000","36.70000000_-113.00000000",36.7,-113
"36.70000000_35.10000000","36.70000000_35.10000000",36.7,35.1
"36.80000000_-109.60000000","36.80000000_-109.60000000",36.8,-109.6
"36.80000000_-121.80000000","36.80000000_-121.80000000",36.8,-121.8
"36.80000000_-85.20000000","36.80000000_-85.20000000",36.8,-85.2
"36.90000000_-120.40000000","36.90000000_-120.40000000",36.9,-120.4
"37.00000000_-6.40000000","37.00000000_-6.40000000",37,-6.4
"37.00000000_-88.90000000","37.00000000_-88.90000000",37,-88.9
"37.00000000_-89.20000000","37.00000000_-89.20000000",37,-89.2
"37.10000000_-76.00000000","37.10000000_-76.00000000",37.1,-76
"37.20000000_-108.10000000","37.20000000_-108.10000000",37.2,-108.1
"37.20000000_-120.60000000","37.20000000_-120.60000000",37.2,-120.6
"37.20000000_-5.90000000","37.20000000_-5.90000000",37.2,-5.9
"37.30000000_-119.20000000","37.30000000_-119.20000000",37.3,-119.2
"37.30000000_-3.20000000","37.30000000_-3.20000000",37.3,-3.2
"37.30000000_-84.90000000","37.30000000_-84.90000000",37.3,-84.9
"37.40000000_-120.00000000","37.40000000_-120.00000000",37.4,-120
"37.40000000_-5.90000000","37.40000000_-5.90000000",37.4,-5.9
"37.40000000_-92.60000000","37.40000000_-92.60000000",37.4,-92.6
"37.60000000_-121.00000000","37.60000000_-121.00000000",37.6,-121
"37.60000000_-87.50000000","37.60000000_-87.50000000",37.6,-87.5
"37.70000000_-88.10000000","37.70000000_-88.10000000",37.7,-88.1
"37.80000000_-122.50000000","37.80000000_-122.50000000",37.8,-122.5
"37.90000000_-122.70000000","37.90000000_-122.70000000",37.9,-122.7
"37.90000000_-95.00000000","37.90000000_-95.00000000",37.9,-95
"38.00000000_-75.30000000","38.00000000_-75.30000000",38,-75.3
"38.10000000_-122.50000000","38.10000000_-122.50000000",38.1,-122.5
"38.20000000_-0.70000000","38.20000000_-0.70000000",38.2,-0.7
"38.40000000_-103.80000000","38.40000000_-103.80000000",38.4,-103.8
"38.40000000_-121.50000000","38.40000000_-121.50000000",38.4,-121.5
"38.50000000_-112.60000000","38.50000000_-112.60000000",38.5,-112.6
"38.50000000_-9.00000000","38.50000000_-9.00000000",38.5,-9
"38.60000000_-75.50000000","38.60000000_-75.50000000",38.6,-75.5
"38.60000000_-87.10000000","38.60000000_-87.10000000",38.6,-87.1
"38.70000000_-110.10000000","38.70000000_-110.10000000",38.7,-110.1
"38.70000000_-84.10000000","38.70000000_-84.10000000",38.7,-84.1
"38.80000000_-120.30000000","38.80000000_-120.30000000",38.8,-120.3
"38.90000000_-105.60000000","38.90000000_-105.60000000",38.9,-105.6
"39.10000000_-76.80000000","39.10000000_-76.80000000",39.1,-76.8
"39.10000000_-92.30000000","39.10000000_-92.30000000",39.1,-92.3
"39.30000000_-90.20000000","39.30000000_-90.20000000",39.3,-90.2
"39.40000000_-111.80000000","39.40000000_-111.80000000",39.4,-111.8
"39.40000000_-83.40000000","39.40000000_-83.40000000",39.4,-83.4
"39.60000000_-88.80000000","39.60000000_-88.80000000",39.6,-88.8
"39.70000000_-122.00000000","39.70000000_-122.00000000",39.7,-122
"39.70000000_-80.80000000","39.70000000_-80.80000000",39.7,-80.8
"39.90000000_-74.10000000","39.90000000_-74.10000000",39.9,-74.1
"4.10000000_-52.70000000","4.10000000_-52.70000000",4.1,-52.7
"40.00000000_-86.80000000","40.00000000_-86.80000000",40,-86.8
"40.10000000_-96.90000000","40.10000000_-96.90000000",40.1,-96.9
"40.20000000_-112.30000000","40.20000000_-112.30000000",40.2,-112.3
"40.20000000_-8.70000000","40.20000000_-8.70000000",40.2,-8.7
"40.20000000_-83.30000000","40.20000000_-83.30000000",40.2,-83.3
"40.20000000_-97.10000000","40.20000000_-97.10000000",40.2,-97.1
"40.30000000_-84.70000000","40.30000000_-84.70000000",40.3,-84.7
"40.50000000_-92.30000000","40.50000000_-92.30000000",40.5,-92.3
"40.60000000_-121.40000000","40.60000000_-121.40000000",40.6,-121.4
"40.60000000_-124.30000000","40.60000000_-124.30000000",40.6,-124.3
"40.60000000_-88.40000000","40.60000000_-88.40000000",40.6,-88.4
"40.80000000_-89.50000000","40.80000000_-89.50000000",40.8,-89.5
"40.90000000_-124.00000000","40.90000000_-124.00000000",40.9,-124
"40.90000000_-98.30000000","40.90000000_-98.30000000",40.9,-98.3
"41.00000000_-112.80000000","41.00000000_-112.80000000",41,-112.8
"41.00000000_-121.10000000","41.00000000_-121.10000000",41,-121.1
"41.10000000_-123.60000000","41.10000000_-123.60000000",41.1,-123.6
"41.10000000_-123.70000000","41.10000000_-123.70000000",41.1,-123.7
"41.20000000_-71.60000000","41.20000000_-71.60000000",41.2,-71.6
"41.20000000_0.50000000","41.20000000_0.50000000",41.2,0.5
"41.40000000_2.10000000","41.40000000_2.10000000",41.4,2.1
"41.50000000_-97.80000000","41.50000000_-97.80000000",41.5,-97.8
"41.60000000_-93.40000000","41.60000000_-93.40000000",41.6,-93.4
"41.60000000_75.70000000","41.60000000_75.70000000",41.6,75.7
"41.70000000_-113.10000000","41.70000000_-113.10000000",41.7,-113.1
"41.70000000_12.40000000","41.70000000_12.40000000",41.7,12.4
"41.80000000_-111.90000000","41.80000000_-111.90000000",41.8,-111.9
"41.80000000_-80.30000000","41.80000000_-80.30000000",41.8,-80.3
"41.80000000_1.60000000","41.80000000_1.60000000",41.8,1.6
"42.00000000_-116.90000000","42.00000000_-116.90000000",42,-116.9
"42.00000000_-89.60000000","42.00000000_-89.60000000",42,-89.6
"42.20000000_-5.60000000","42.20000000_-5.60000000",42.2,-5.6
"42.30000000_-74.90000000","42.30000000_-74.90000000",42.3,-74.9
"42.30000000_-95.70000000","42.30000000_-95.70000000",42.3,-95.7
"42.40000000_-114.40000000","42.40000000_-114.40000000",42.4,-114.4
"42.40000000_-88.30000000","42.40000000_-88.30000000",42.4,-88.3
"42.40000000_-90.40000000","42.40000000_-90.40000000",42.4,-90.4
"42.50000000_-114.10000000","42.50000000_-114.10000000",42.5,-114.1
"42.50000000_-84.00000000","42.50000000_-84.00000000",42.5,-84
"42.70000000_-114.90000000","42.70000000_-114.90000000",42.7,-114.9
"42.70000000_-120.70000000","42.70000000_-120.70000000",42.7,-120.7
"42.70000000_-122.80000000","42.70000000_-122.80000000",42.7,-122.8
"42.80000000_-118.90000000","42.80000000_-118.90000000",42.8,-118.9
"42.90000000_-0.90000000","42.90000000_-0.90000000",42.9,-0.9
"42.90000000_-97.80000000","42.90000000_-97.80000000",42.9,-97.8
"43.00000000_-114.60000000","43.00000000_-114.60000000",43,-114.6
"43.00000000_-115.20000000","43.00000000_-115.20000000",43,-115.2
"43.10000000_-116.30000000","43.10000000_-116.30000000",43.1,-116.3
"43.20000000_6.10000000","43.20000000_6.10000000",43.2,6.1
"43.40000000_-88.00000000","43.40000000_-88.00000000",43.4,-88
"43.50000000_-123.60000000","43.50000000_-123.60000000",43.5,-123.6
"43.50000000_-86.60000000","43.50000000_-86.60000000",43.5,-86.6
"43.50000000_-90.80000000","43.50000000_-90.80000000",43.5,-90.8
"43.70000000_-115.20000000","43.70000000_-115.20000000",43.7,-115.2
"43.70000000_4.80000000","43.70000000_4.80000000",43.7,4.8
"43.90000000_-71.80000000","43.90000000_-71.80000000",43.9,-71.8
"43.90000000_15.60000000","43.90000000_15.60000000",43.9,15.6
"44.00000000_-77.70000000","44.00000000_-77.70000000",44,-77.7
"44.00000000_-90.10000000","44.00000000_-90.10000000",44,-90.1
"44.00000000_6.00000000","44.00000000_6.00000000",44,6
"44.20000000_-122.20000000","44.20000000_-122.20000000",44.2,-122.2
"44.20000000_-76.10000000","44.20000000_-76.10000000",44.2,-76.1
"44.40000000_-123.90000000","44.40000000_-123.90000000",44.4,-123.9
"44.40000000_-84.00000000","44.40000000_-84.00000000",44.4,-84
"44.40000000_-84.70000000","44.40000000_-84.70000000",44.4,-84.7
"44.50000000_-66.30000000","44.50000000_-66.30000000",44.5,-66.3
"44.50000000_-88.60000000","44.50000000_-88.60000000",44.5,-88.6
"44.60000000_-76.30000000","44.60000000_-76.30000000",44.6,-76.3
"44.60000000_-95.80000000","44.60000000_-95.80000000",44.6,-95.8
"44.60000000_10.90000000","44.60000000_10.90000000",44.6,10.9
"44.80000000_-116.40000000","44.80000000_-116.40000000",44.8,-116.4
"44.80000000_-95.90000000","44.80000000_-95.90000000",44.8,-95.9
"44.80000000_8.80000000","44.80000000_8.80000000",44.8,8.8
"44.80000000_8.90000000","44.80000000_8.90000000",44.8,8.9
"44.90000000_-103.60000000","44.90000000_-103.60000000",44.9,-103.6
"44.90000000_-118.70000000","44.90000000_-118.70000000",44.9,-118.7
"44.90000000_7.70000000","44.90000000_7.70000000",44.9,7.7
"45.00000000_-91.90000000","45.00000000_-91.90000000",45,-91.9
"45.10000000_-121.70000000","45.10000000_-121.70000000",45.1,-121.7
"45.10000000_-79.30000000","45.10000000_-79.30000000",45.1,-79.3
"45.10000000_-82.40000000","45.10000000_-82.40000000",45.1,-82.4
"45.30000000_-98.60000000","45.30000000_-98.60000000",45.3,-98.6
"45.50000000_-113.50000000","45.50000000_-113.50000000",45.5,-113.5
"45.80000000_-101.20000000","45.80000000_-101.20000000",45.8,-101.2
"45.80000000_-86.70000000","45.80000000_-86.70000000",45.8,-86.7
"45.90000000_-1.10000000","45.90000000_-1.10000000",45.9,-1.1
"45.90000000_-114.30000000","45.90000000_-114.30000000",45.9,-114.3
"46.00000000_-99.10000000","46.00000000_-99.10000000",46,-99.1
"46.00000000_7.00000000","46.00000000_7.00000000",46,7
"46.10000000_-84.00000000","46.10000000_-84.00000000",46.1,-84
"46.10000000_-93.80000000","46.10000000_-93.80000000",46.1,-93.8
"46.20000000_2.60000000","46.20000000_2.60000000",46.2,2.6
"46.30000000_-84.50000000","46.30000000_-84.50000000",46.3,-84.5
"46.40000000_-84.20000000","46.40000000_-84.20000000",46.4,-84.2
"46.50000000_-85.20000000","46.50000000_-85.20000000",46.5,-85.2
"46.60000000_-92.40000000","46.60000000_-92.40000000",46.6,-92.4
"46.70000000_-97.20000000","46.70000000_-97.20000000",46.7,-97.2
"46.80000000_19.20000000","46.80000000_19.20000000",46.8,19.2
"46.90000000_8.00000000","46.90000000_8.00000000",46.9,8
"47.00000000_-120.60000000","47.00000000_-120.60000000",47,-120.6
"47.00000000_-98.90000000","47.00000000_-98.90000000",47,-98.9
"47.20000000_-119.30000000","47.20000000_-119.30000000",47.2,-119.3
"47.20000000_-121.70000000","47.20000000_-121.70000000",47.2,-121.7
"47.20000000_-57.80000000","47.20000000_-57.80000000",47.2,-57.8
"47.30000000_19.40000000","47.30000000_19.40000000",47.3,19.4
"47.30000000_19.50000000","47.30000000_19.50000000",47.3,19.5
"47.30000000_19.70000000","47.30000000_19.70000000",47.3,19.7
"47.30000000_6.60000000","47.30000000_6.60000000",47.3,6.6
"47.40000000_-82.00000000","47.40000000_-82.00000000",47.4,-82
"47.50000000_-100.80000000","47.50000000_-100.80000000",47.5,-100.8
"47.50000000_20.20000000","47.50000000_20.20000000",47.5,20.2
"47.60000000_1.50000000","47.60000000_1.50000000",47.6,1.5
"47.60000000_20.10000000","47.60000000_20.10000000",47.6,20.1
"47.60000000_7.60000000","47.60000000_7.60000000",47.6,7.6
"47.70000000_-3.20000000","47.70000000_-3.20000000",47.7,-3.2
"47.70000000_-96.10000000","47.70000000_-96.10000000",47.7,-96.1
"47.70000000_9.50000000","47.70000000_9.50000000",47.7,9.5
"47.80000000_-124.00000000","47.80000000_-124.00000000",47.8,-124
"47.80000000_-87.90000000","47.80000000_-87.90000000",47.8,-87.9
"47.90000000_-90.90000000","47.90000000_-90.90000000",47.9,-90.9
"48.20000000_21.80000000","48.20000000_21.80000000",48.2,21.8
"48.30000000_-105.20000000","48.30000000_-105.20000000",48.3,-105.2
"48.40000000_-120.80000000","48.40000000_-120.80000000",48.4,-120.8
"48.50000000_-124.20000000","48.50000000_-124.20000000",48.5,-124.2
"48.60000000_-124.70000000","48.60000000_-124.70000000",48.6,-124.7
"48.60000000_-83.00000000","48.60000000_-83.00000000",48.6,-83
"48.60000000_-85.70000000","48.60000000_-85.70000000",48.6,-85.7
"48.60000000_-93.70000000","48.60000000_-93.70000000",48.6,-93.7
"48.70000000_-103.30000000","48.70000000_-103.30000000",48.7,-103.3
"48.70000000_9.70000000","48.70000000_9.70000000",48.7,9.7
"48.90000000_-119.70000000","48.90000000_-119.70000000",48.9,-119.7
"48.90000000_-64.40000000","48.90000000_-64.40000000",48.9,-64.4
"48.90000000_8.80000000","48.90000000_8.80000000",48.9,8.8
"49.10000000_-106.50000000","49.10000000_-106.50000000",49.1,-106.5
"49.10000000_-97.90000000","49.10000000_-97.90000000",49.1,-97.9
"49.20000000_-110.50000000","49.20000000_-110.50000000",49.2,-110.5
"49.20000000_-86.60000000","49.20000000_-86.60000000",49.2,-86.6
"49.30000000_-84.10000000","49.30000000_-84.10000000",49.3,-84.1
"49.80000000_-57.30000000","49.80000000_-57.30000000",49.8,-57.3
"49.90000000_18.80000000","49.90000000_18.80000000",49.9,18.8
"50.00000000_-88.60000000","50.00000000_-88.60000000",50,-88.6
"50.10000000_-109.10000000","50.10000000_-109.10000000",50.1,-109.1
"50.20000000_-98.20000000","50.20000000_-98.20000000",50.2,-98.2
"50.50000000_-100.30000000","50.50000000_-100.30000000",50.5,-100.3
"50.80000000_-109.20000000","50.80000000_-109.20000000",50.8,-109.2
"50.80000000_-125.10000000","50.80000000_-125.10000000",50.8,-125.1
"50.80000000_-85.40000000","50.80000000_-85.40000000",50.8,-85.4
"51.10000000_-106.80000000","51.10000000_-106.80000000",51.1,-106.8
"51.10000000_-98.20000000","51.10000000_-98.20000000",51.1,-98.2
"51.20000000_-0.70000000","51.20000000_-0.70000000",51.2,-0.7
"51.30000000_30.30000000","51.30000000_30.30000000",51.3,30.3
"51.30000000_4.30000000","51.30000000_4.30000000",51.3,4.3
"51.30000000_4.50000000","51.30000000_4.50000000",51.3,4.5
"51.60000000_-115.50000000","51.60000000_-115.50000000",51.6,-115.5
"51.60000000_-95.60000000","51.60000000_-95.60000000",51.6,-95.6
"51.80000000_-101.20000000","51.80000000_-101.20000000",51.8,-101.2
"51.80000000_5.90000000","51.80000000_5.90000000",51.8,5.9
"52.00000000_-127.00000000","52.00000000_-127.00000000",52,-127
"52.10000000_-104.30000000","52.10000000_-104.30000000",52.1,-104.3
"52.10000000_-106.60000000","52.10000000_-106.60000000",52.1,-106.6
"52.20000000_5.70000000","52.20000000_5.70000000",52.2,5.7
"52.20000000_5.80000000","52.20000000_5.80000000",52.2,5.8
"52.30000000_-96.80000000","52.30000000_-96.80000000",52.3,-96.8
"52.30000000_0.30000000","52.30000000_0.30000000",52.3,0.3
"52.30000000_5.50000000","52.30000000_5.50000000",52.3,5.5
"52.30000000_5.70000000","52.30000000_5.70000000",52.3,5.7
"52.30000000_5.80000000","52.30000000_5.80000000",52.3,5.8
"52.30000000_5.90000000","52.30000000_5.90000000",52.3,5.9
"52.40000000_-0.80000000","52.40000000_-0.80000000",52.4,-0.8
"52.40000000_-88.10000000","52.40000000_-88.10000000",52.4,-88.1
"52.40000000_0.80000000","52.40000000_0.80000000",52.4,0.8
"52.40000000_5.70000000","52.40000000_5.70000000",52.4,5.7
"52.50000000_-0.50000000","52.50000000_-0.50000000",52.5,-0.5
"52.50000000_5.50000000","52.50000000_5.50000000",52.5,5.5
"52.60000000_-92.80000000","52.60000000_-92.80000000",52.6,-92.8
"52.60000000_1.70000000","52.60000000_1.70000000",52.6,1.7
"52.70000000_-108.60000000","52.70000000_-108.60000000",52.7,-108.6
"52.70000000_5.60000000","52.70000000_5.60000000",52.7,5.6
"52.90000000_-1.60000000","52.90000000_-1.60000000",52.9,-1.6
"52.90000000_-1.80000000","52.90000000_-1.80000000",52.9,-1.8
"53.00000000_-0.50000000","53.00000000_-0.50000000",53,-0.5
"53.00000000_4.70000000","53.00000000_4.70000000",53,4.7
"53.10000000_-1.00000000","53.10000000_-1.00000000",53.1,-1
"53.10000000_-2.50000000","53.10000000_-2.50000000",53.1,-2.5
"53.20000000_-2.30000000","53.20000000_-2.30000000",53.2,-2.3
"53.20000000_-2.70000000","53.20000000_-2.70000000",53.2,-2.7
"53.30000000_-0.70000000","53.30000000_-0.70000000",53.3,-0.7
"53.30000000_-1.80000000","53.30000000_-1.80000000",53.3,-1.8
"53.30000000_-2.20000000","53.30000000_-2.20000000",53.3,-2.2
"53.40000000_-0.30000000","53.40000000_-0.30000000",53.4,-0.3
"53.40000000_-1.90000000","53.40000000_-1.90000000",53.4,-1.9
"53.40000000_-101.10000000","53.40000000_-101.10000000",53.4,-101.1
"53.40000000_-3.70000000","53.40000000_-3.70000000",53.4,-3.7
"53.40000000_5.40000000","53.40000000_5.40000000",53.4,5.4
"53.50000000_-1.80000000","53.50000000_-1.80000000",53.5,-1.8
"53.50000000_-103.40000000","53.50000000_-103.40000000",53.5,-103.4
"53.50000000_-2.80000000","53.50000000_-2.80000000",53.5,-2.8
"53.50000000_14.50000000","53.50000000_14.50000000",53.5,14.5
"53.60000000_-1.40000000","53.60000000_-1.40000000",53.6,-1.4
"53.60000000_8.30000000","53.60000000_8.30000000",53.6,8.3
"53.70000000_-3.00000000","53.70000000_-3.00000000",53.7,-3
"53.80000000_-1.40000000","53.80000000_-1.40000000",53.8,-1.4
"53.80000000_-1.70000000","53.80000000_-1.70000000",53.8,-1.7
"53.80000000_-105.80000000","53.80000000_-105.80000000",53.8,-105.8
"53.80000000_-3.10000000","53.80000000_-3.10000000",53.8,-3.1
"53.80000000_-3.20000000","53.80000000_-3.20000000",53.8,-3.2
"53.90000000_-2.30000000","53.90000000_-2.30000000",53.9,-2.3
"53.90000000_-2.80000000","53.90000000_-2.80000000",53.9,-2.8
"54.00000000_-2.80000000","54.00000000_-2.80000000",54,-2.8
"54.10000000_-2.70000000","54.10000000_-2.70000000",54.1,-2.7
"54.10000000_-3.30000000","54.10000000_-3.30000000",54.1,-3.3
"54.30000000_-1.90000000","54.30000000_-1.90000000",54.3,-1.9
"54.50000000_-2.40000000","54.50000000_-2.40000000",54.5,-2.4
"54.50000000_-3.20000000","54.50000000_-3.20000000",54.5,-3.2
"54.50000000_-99.80000000","54.50000000_-99.80000000",54.5,-99.8
"54.60000000_-3.40000000","54.60000000_-3.40000000",54.6,-3.4
"54.80000000_-3.40000000","54.80000000_-3.40000000",54.8,-3.4
"54.90000000_-3.10000000","54.90000000_-3.10000000",54.9,-3.1
"55.00000000_-1.60000000","55.00000000_-1.60000000",55,-1.6
"55.20000000_-128.70000000","55.20000000_-128.70000000",55.2,-128.7
"55.20000000_20.90000000","55.20000000_20.90000000",55.2,20.9
"55.30000000_-3.40000000","55.30000000_-3.40000000",55.3,-3.4
"55.90000000_8.20000000","55.90000000_8.20000000",55.9,8.2
"56.20000000_9.30000000","56.20000000_9.30000000",56.2,9.3
"56.80000000_-102.10000000","56.80000000_-102.10000000",56.8,-102.1
"57.20000000_-4.20000000","57.20000000_-4.20000000",57.2,-4.2
"57.20000000_-92.60000000","57.20000000_-92.60000000",57.2,-92.6
"57.50000000_18.50000000","57.50000000_18.50000000",57.5,18.5
"57.80000000_-6.30000000","57.80000000_-6.30000000",57.8,-6.3
"58.10000000_26.50000000","58.10000000_26.50000000",58.1,26.5
"58.30000000_7.30000000","58.30000000_7.30000000",58.3,7.3
"58.40000000_-101.20000000","58.40000000_-101.20000000",58.4,-101.2
"58.40000000_-2.60000000","58.40000000_-2.60000000",58.4,-2.6
"59.00000000_-109.80000000","59.00000000_-109.80000000",59,-109.8
"59.00000000_-138.00000000","59.00000000_-138.00000000",59,-138
"59.10000000_-3.10000000","59.10000000_-3.10000000",59.1,-3.1
"59.60000000_38.40000000","59.60000000_38.40000000",59.6,38.4
"59.90000000_17.60000000","59.90000000_17.60000000",59.9,17.6
"6.00000000_116.60000000","6.00000000_116.60000000",6,116.6
"60.20000000_24.90000000","60.20000000_24.90000000",60.2,24.9
"60.30000000_24.30000000","60.30000000_24.30000000",60.3,24.3
"61.30000000_8.60000000","61.30000000_8.60000000",61.3,8.6
"61.40000000_-163.70000000","61.40000000_-163.70000000",61.4,-163.7
"62.50000000_177.10000000","62.50000000_177.10000000",62.5,177.1
"62.80000000_-92.10000000","62.80000000_-92.10000000",62.8,-92.1
"63.80000000_26.60000000","63.80000000_26.60000000",63.8,26.6
"63.90000000_23.10000000","63.90000000_23.10000000",63.9,23.1
"64.20000000_-164.60000000","64.20000000_-164.60000000",64.2,-164.6
"65.00000000_25.50000000","65.00000000_25.50000000",65,25.5
"65.20000000_-156.40000000","65.20000000_-156.40000000",65.2,-156.4
"65.90000000_-129.40000000","65.90000000_-129.40000000",65.9,-129.4
"68.30000000_-149.20000000","68.30000000_-149.20000000",68.3,-149.2
"8.60000000_-83.50000000","8.60000000_-83.50000000",8.6,-83.5
"8.80000000_-83.00000000","8.80000000_-83.00000000",8.8,-83
"9.10000000_-79.70000000","9.10000000_-79.70000000",9.1,-79.7
"9.70000000_-69.60000000","9.70000000_-69.60000000",9.7,-69.6
"9.90000000_9.00000000","9.90000000_9.00000000",9.9,9
