"site_id","n_effects","n_studies"
"59.60000000_38.40000000",8,5
"44.90000000_7.70000000",5,5
"37.90000000_-122.70000000",4,4
"-33.90000000_18.80000000",18,3
"53.30000000_-1.80000000",4,3
"53.60000000_-1.40000000",4,3
"-2.40000000_-60.00000000",67,2
"-16.30000000_34.90000000",29,2
"9.10000000_-79.70000000",27,2
"-11.90000000_-71.40000000",21,2
"10.40000000_-84.00000000",4,2
"53.20000000_-2.30000000",4,2
"41.20000000_0.50000000",3,2
"52.90000000_-1.80000000",3,2
"53.30000000_-0.70000000",3,2
"53.50000000_-1.80000000",3,2
"53.90000000_-2.30000000",3,2
"54.80000000_-3.40000000",3,2
"10.20000000_-84.50000000",2,2
"33.70000000_-118.10000000",2,2
"38.20000000_-0.70000000",2,2
"44.80000000_8.80000000",2,2
"52.00000000_-127.00000000",2,2
"53.40000000_-3.70000000",2,2
"53.70000000_-3.00000000",2,2
"53.80000000_-1.70000000",2,2
"53.80000000_-3.20000000",2,2
"53.90000000_-2.80000000",2,2
"54.10000000_-3.30000000",2,2
"62.80000000_-92.10000000",2,2
"9.90000000_9.00000000",39,1
"-13.10000000_-71.60000000",37,1
"-0.60000000_-76.20000000",35,1
"-4.80000000_38.50000000",22,1
"27.10000000_92.40000000",20,1
"9.70000000_-69.60000000",18,1
"10.70000000_-61.30000000",17,1
"4.10000000_-52.70000000",17,1
"3.00000000_102.30000000",14,1
"6.00000000_116.60000000",14,1
"49.80000000_-57.30000000",13,1
"39.10000000_-76.80000000",8,1
"8.60000000_-83.50000000",8,1
"46.20000000_2.60000000",7,1
"19.50000000_-104.20000000",6,1
"-1.80000000_-80.60000000",5,1
"-35.40000000_-72.30000000",5,1
"10.30000000_-83.90000000",5,1
"41.80000000_1.60000000",4,1
"55.20000000_20.90000000",4,1
"38.00000000_-75.30000000",2,1
"39.70000000_-122.00000000",2,1
"47.20000000_-57.80000000",2,1
"52.20000000_5.80000000",2,1
"52.40000000_-0.80000000",2,1
"53.00000000_4.70000000",2,1
"53.20000000_-2.70000000",2,1
"53.80000000_-105.80000000",2,1
"64.20000000_-164.60000000",2,1
"8.80000000_-83.00000000",2,1
"-0.60000000_-76.10000000",1,1
"-13.00000000_40.50000000",1,1
"-19.30000000_-43.50000000",1,1
"-25.10000000_30.60000000",1,1
"-25.40000000_-49.00000000",1,1
"-25.40000000_28.30000000",1,1
"-25.90000000_26.30000000",1,1
"-26.50000000_24.10000000",1,1
"-26.50000000_27.60000000",1,1
"-27.00000000_24.70000000",1,1
"-27.30000000_26.20000000",1,1
"-27.40000000_26.60000000",1,1
"-27.40000000_29.50000000",1,1
"-27.40000000_30.00000000",1,1
"-27.70000000_27.30000000",1,1
"-27.70000000_29.50000000",1,1
"-27.90000000_29.70000000",1,1
"-28.00000000_26.30000000",1,1
"-28.00000000_30.20000000",1,1
"-28.10000000_24.10000000",1,1
"-28.10000000_26.40000000",1,1
"-28.30000000_26.20000000",1,1
"-28.40000000_23.80000000",1,1
"-28.50000000_24.90000000",1,1
"-28.50000000_29.90000000",1,1
"-28.60000000_23.60000000",1,1
"-28.90000000_24.80000000",1,1
"-28.90000000_27.20000000",1,1
"-29.20000000_22.40000000",1,1
"-29.20000000_23.20000000",1,1
"-29.30000000_23.50000000",1,1
"-29.30000000_25.40000000",1,1
"-29.30000000_25.50000000",1,1
"-29.30000000_25.90000000",1,1
"-29.40000000_25.00000000",1,1
"-29.50000000_24.00000000",1,1
"-29.50000000_25.50000000",1,1
"-29.50000000_27.20000000",1,1
"-29.60000000_30.30000000",1,1
"-29.90000000_25.10000000",1,1
"-30.00000000_24.40000000",1,1
"-30.10000000_26.50000000",1,1
"-30.20000000_24.20000000",1,1
"-30.20000000_28.30000000",1,1
"-30.40000000_24.90000000",1,1
"-30.50000000_22.50000000",1,1
"-30.60000000_24.10000000",1,1
"-30.60000000_26.40000000",1,1
"-30.90000000_26.70000000",1,1
"-31.10000000_24.20000000",1,1
"-31.70000000_23.30000000",1,1
"-32.00000000_18.00000000",1,1
"-32.00000000_22.80000000",1,1
"-32.10000000_18.30000000",1,1
"-32.90000000_20.90000000",1,1
"-33.30000000_20.80000000",1,1
"-33.50000000_22.20000000",1,1
"-34.00000000_20.70000000",1,1
"-34.00000000_25.60000000",1,1
"-34.10000000_18.30000000",1,1
"-34.10000000_18.90000000",1,1
"-35.60000000_-58.00000000",1,1
"-41.00000000_-71.30000000",1,1
"-42.10000000_-73.70000000",1,1
"-5.90000000_-35.20000000",1,1
"-6.60000000_-37.30000000",1,1
"10.20000000_-84.10000000",1,1
"10.60000000_-83.60000000",1,1
"14.40000000_101.40000000",1,1
"16.70000000_-92.70000000",1,1
"20.90000000_-90.30000000",1,1
"22.90000000_-98.00000000",1,1
"23.60000000_58.50000000",1,1
"24.70000000_-98.00000000",1,1
"24.70000000_-98.50000000",1,1
"25.00000000_-104.10000000",1,1
"26.60000000_-98.70000000",1,1
"26.70000000_-81.70000000",1,1
"26.80000000_-81.20000000",1,1
"27.20000000_-81.30000000",1,1
"28.50000000_-103.70000000",1,1
"29.00000000_-99.20000000",1,1
"30.30000000_-105.10000000",1,1
"30.50000000_91.10000000",1,1
"30.80000000_-84.00000000",1,1
"31.20000000_-107.40000000",1,1
"31.20000000_-97.70000000",1,1
"31.30000000_-84.50000000",1,1
"31.50000000_-110.50000000",1,1
"31.90000000_-96.60000000",1,1
"32.20000000_-110.60000000",1,1
"32.60000000_-107.00000000",1,1
"32.70000000_-81.40000000",1,1
"33.00000000_-106.20000000",1,1
"33.20000000_-111.20000000",1,1
"33.20000000_-95.90000000",1,1
"33.30000000_-87.80000000",1,1
"33.40000000_-93.90000000",1,1
"33.50000000_-112.80000000",1,1
"33.50000000_-118.50000000",1,1
"33.60000000_-111.10000000",1,1
"33.70000000_-89.00000000",1,1
"33.80000000_-102.70000000",1,1
"33.80000000_-109.50000000",1,1
"34.20000000_-117.20000000",1,1
"34.30000000_-92.20000000",1,1
"34.70000000_-87.40000000",1,1
"34.70000000_-87.80000000",1,1
"34.70000000_-90.90000000",1,1
"34.70000000_-98.60000000",1,1
"34.90000000_-88.10000000",1,1
"35.00000000_-102.10000000",1,1
"35.00000000_-119.00000000",1,1
"35.40000000_-86.10000000",1,1
"35.50000000_-111.40000000",1,1
"35.50000000_-119.30000000",1,1
"35.60000000_-108.60000000",1,1
"35.90000000_-84.70000000",1,1
"36.00000000_-89.00000000",1,1
"36.10000000_-84.90000000",1,1
"36.10000000_-86.40000000",1,1
"36.10000000_-89.10000000",1,1
"36.20000000_-92.10000000",1,1
"36.20000000_-96.70000000",1,1
"36.40000000_-86.30000000",1,1
"36.50000000_-118.60000000",1,1
"36.50000000_-87.20000000",1,1
"36.60000000_-101.40000000",1,1
"36.60000000_-112.20000000",1,1
"36.60000000_-120.10000000",1,1
"36.60000000_-85.10000000",1,1
"36.60000000_-87.60000000",1,1
"36.70000000_-113.00000000",1,1
"36.70000000_35.10000000",1,1
"36.80000000_-109.60000000",1,1
"36.80000000_-121.80000000",1,1
"36.80000000_-85.20000000",1,1
"36.90000000_-120.40000000",1,1
"37.00000000_-6.40000000",1,1
"37.00000000_-88.90000000",1,1
"37.00000000_-89.20000000",1,1
"37.10000000_-76.00000000",1,1
"37.20000000_-108.10000000",1,1
"37.20000000_-120.60000000",1,1
"37.20000000_-5.90000000",1,1
"37.30000000_-119.20000000",1,1
"37.30000000_-3.20000000",1,1
"37.30000000_-84.90000000",1,1
"37.40000000_-120.00000000",1,1
"37.40000000_-5.90000000",1,1
"37.40000000_-92.60000000",1,1
"37.60000000_-121.00000000",1,1
"37.60000000_-87.50000000",1,1
"37.70000000_-88.10000000",1,1
"37.80000000_-122.50000000",1,1
"37.90000000_-95.00000000",1,1
"38.10000000_-122.50000000",1,1
"38.40000000_-103.80000000",1,1
"38.40000000_-121.50000000",1,1
"38.50000000_-112.60000000",1,1
"38.50000000_-9.00000000",1,1
"38.60000000_-75.50000000",1,1
"38.60000000_-87.10000000",1,1
"38.70000000_-110.10000000",1,1
"38.70000000_-84.10000000",1,1
"38.80000000_-120.30000000",1,1
"38.90000000_-105.60000000",1,1
"39.10000000_-92.30000000",1,1
"39.30000000_-90.20000000",1,1
"39.40000000_-111.80000000",1,1
"39.40000000_-83.40000000",1,1
"39.60000000_-88.80000000",1,1
"39.70000000_-80.80000000",1,1
"39.90000000_-74.10000000",1,1
"40.00000000_-86.80000000",1,1
"40.10000000_-96.90000000",1,1
"40.20000000_-112.30000000",1,1
"40.20000000_-8.70000000",1,1
"40.20000000_-83.30000000",1,1
"40.20000000_-97.10000000",1,1
"40.30000000_-84.70000000",1,1
"40.50000000_-92.30000000",1,1
"40.60000000_-121.40000000",1,1
"40.60000000_-124.30000000",1,1
"40.60000000_-88.40000000",1,1
"40.80000000_-89.50000000",1,1
"40.90000000_-124.00000000",1,1
"40.90000000_-98.30000000",1,1
"41.00000000_-112.80000000",1,1
"41.00000000_-121.10000000",1,1
"41.10000000_-123.60000000",1,1
"41.10000000_-123.70000000",1,1
"41.20000000_-71.60000000",1,1
"41.40000000_2.10000000",1,1
"41.50000000_-97.80000000",1,1
"41.60000000_-93.40000000",1,1
"41.60000000_75.70000000",1,1
"41.70000000_-113.10000000",1,1
"41.70000000_12.40000000",1,1
"41.80000000_-111.90000000",1,1
"41.80000000_-80.30000000",1,1
"42.00000000_-116.90000000",1,1
"42.00000000_-89.60000000",1,1
"42.20000000_-5.60000000",1,1
"42.30000000_-74.90000000",1,1
"42.30000000_-95.70000000",1,1
"42.40000000_-114.40000000",1,1
"42.40000000_-88.30000000",1,1
"42.40000000_-90.40000000",1,1
"42.50000000_-114.10000000",1,1
"42.50000000_-84.00000000",1,1
"42.70000000_-114.90000000",1,1
"42.70000000_-120.70000000",1,1
"42.70000000_-122.80000000",1,1
"42.80000000_-118.90000000",1,1
"42.90000000_-0.90000000",1,1
"42.90000000_-97.80000000",1,1
"43.00000000_-114.60000000",1,1
"43.00000000_-115.20000000",1,1
"43.10000000_-116.30000000",1,1
"43.20000000_6.10000000",1,1
"43.40000000_-88.00000000",1,1
"43.50000000_-123.60000000",1,1
"43.50000000_-86.60000000",1,1
"43.50000000_-90.80000000",1,1
"43.70000000_-115.20000000",1,1
"43.70000000_4.80000000",1,1
"43.90000000_-71.80000000",1,1
"43.90000000_15.60000000",1,1
"44.00000000_-77.70000000",1,1
"44.00000000_-90.10000000",1,1
"44.00000000_6.00000000",1,1
"44.20000000_-122.20000000",1,1
"44.20000000_-76.10000000",1,1
"44.40000000_-123.90000000",1,1
"44.40000000_-84.00000000",1,1
"44.40000000_-84.70000000",1,1
"44.50000000_-66.30000000",1,1
"44.50000000_-88.60000000",1,1
"44.60000000_-76.30000000",1,1
"44.60000000_-95.80000000",1,1
"44.60000000_10.90000000",1,1
"44.80000000_-116.40000000",1,1
"44.80000000_-95.90000000",1,1
"44.80000000_8.90000000",1,1
"44.90000000_-103.60000000",1,1
"44.90000000_-118.70000000",1,1
"45.00000000_-91.90000000",1,1
"45.10000000_-121.70000000",1,1
"45.10000000_-79.30000000",1,1
"45.10000000_-82.40000000",1,1
"45.30000000_-98.60000000",1,1
"45.50000000_-113.50000000",1,1
"45.80000000_-101.20000000",1,1
"45.80000000_-86.70000000",1,1
"45.90000000_-1.10000000",1,1
"45.90000000_-114.30000000",1,1
"46.00000000_-99.10000000",1,1
"46.00000000_7.00000000",1,1
"46.10000000_-84.00000000",1,1
"46.10000000_-93.80000000",1,1
"46.30000000_-84.50000000",1,1
"46.40000000_-84.20000000",1,1
"46.50000000_-85.20000000",1,1
"46.60000000_-92.40000000",1,1
"46.70000000_-97.20000000",1,1
"46.80000000_19.20000000",1,1
"46.90000000_8.00000000",1,1
"47.00000000_-120.60000000",1,1
"47.00000000_-98.90000000",1,1
"47.20000000_-119.30000000",1,1
"47.20000000_-121.70000000",1,1
"47.30000000_19.40000000",1,1
"47.30000000_19.50000000",1,1
"47.30000000_19.70000000",1,1
"47.30000000_6.60000000",1,1
"47.40000000_-82.00000000",1,1
"47.50000000_-100.80000000",1,1
"47.50000000_20.20000000",1,1
"47.60000000_1.50000000",1,1
"47.60000000_20.10000000",1,1
"47.60000000_7.60000000",1,1
"47.70000000_-3.20000000",1,1
"47.70000000_-96.10000000",1,1
"47.70000000_9.50000000",1,1
"47.80000000_-124.00000000",1,1
"47.80000000_-87.90000000",1,1
"47.90000000_-90.90000000",1,1
"48.20000000_21.80000000",1,1
"48.30000000_-105.20000000",1,1
"48.40000000_-120.80000000",1,1
"48.50000000_-124.20000000",1,1
"48.60000000_-124.70000000",1,1
"48.60000000_-83.00000000",1,1
"48.60000000_-85.70000000",1,1
"48.60000000_-93.70000000",1,1
"48.70000000_-103.30000000",1,1
"48.70000000_9.70000000",1,1
"48.90000000_-119.70000000",1,1
"48.90000000_-64.40000000",1,1
"48.90000000_8.80000000",1,1
"49.10000000_-106.50000000",1,1
"49.10000000_-97.90000000",1,1
"49.20000000_-110.50000000",1,1
"49.20000000_-86.60000000",1,1
"49.30000000_-84.10000000",1,1
"49.90000000_18.80000000",1,1
"50.00000000_-88.60000000",1,1
"50.10000000_-109.10000000",1,1
"50.20000000_-98.20000000",1,1
"50.50000000_-100.30000000",1,1
"50.80000000_-109.20000000",1,1
"50.80000000_-125.10000000",1,1
"50.80000000_-85.40000000",1,1
"51.10000000_-106.80000000",1,1
"51.10000000_-98.20000000",1,1
"51.20000000_-0.70000000",1,1
"51.30000000_30.30000000",1,1
"51.30000000_4.30000000",1,1
"51.30000000_4.50000000",1,1
"51.60000000_-115.50000000",1,1
"51.60000000_-95.60000000",1,1
"51.80000000_-101.20000000",1,1
"51.80000000_5.90000000",1,1
"52.10000000_-104.30000000",1,1
"52.10000000_-106.60000000",1,1
"52.20000000_5.70000000",1,1
"52.30000000_-96.80000000",1,1
"52.30000000_0.30000000",1,1
"52.30000000_5.50000000",1,1
"52.30000000_5.70000000",1,1
"52.30000000_5.80000000",1,1
"52.30000000_5.90000000",1,1
"52.40000000_-88.10000000",1,1
"52.40000000_0.80000000",1,1
"52.40000000_5.70000000",1,1
"52.50000000_-0.50000000",1,1
"52.50000000_5.50000000",1,1
"52.60000000_-92.80000000",1,1
"52.60000000_1.70000000",1,1
"52.70000000_-108.60000000",1,1
"52.70000000_5.60000000",1,1
"52.90000000_-1.60000000",1,1
"53.00000000_-0.50000000",1,1
"53.10000000_-1.00000000",1,1
"53.10000000_-2.50000000",1,1
"53.30000000_-2.20000000",1,1
"53.40000000_-0.30000000",1,1
"53.40000000_-1.90000000",1,1
"53.40000000_-101.10000000",1,1
"53.40000000_5.40000000",1,1
"53.50000000_-103.40000000",1,1
"53.50000000_-2.80000000",1,1
"53.50000000_14.50000000",1,1
"53.60000000_8.30000000",1,1
"53.80000000_-1.40000000",1,1
"53.80000000_-3.10000000",1,1
"54.00000000_-2.80000000",1,1
"54.10000000_-2.70000000",1,1
"54.30000000_-1.90000000",1,1
"54.50000000_-2.40000000",1,1
"54.50000000_-3.20000000",1,1
"54.50000000_-99.80000000",1,1
"54.60000000_-3.40000000",1,1
"54.90000000_-3.10000000",1,1
"55.00000000_-1.60000000",1,1
"55.20000000_-128.70000000",1,1
"55.30000000_-3.40000000",1,1
"55.90000000_8.20000000",1,1
"56.20000000_9.30000000",1,1
"56.80000000_-102.10000000",1,1
"57.20000000_-4.20000000",1,1
"57.20000000_-92.60000000",1,1
"57.50000000_18.50000000",1,1
"57.80000000_-6.30000000",1,1
"58.10000000_26.50000000",1,1
"58.30000000_7.30000000",1,1
"58.40000000_-101.20000000",1,1
"58.40000000_-2.60000000",1,1
"59.00000000_-109.80000000",1,1
"59.00000000_-138.00000000",1,1
"59.10000000_-3.10000000",1,1
"59.90000000_17.60000000",1,1
"60.20000000_24.90000000",1,1
"60.30000000_24.30000000",1,1
"61.30000000_8.60000000",1,1
"61.40000000_-163.70000000",1,1
"62.50000000_177.10000000",1,1
"63.80000000_26.60000000",1,1
"63.90000000_23.10000000",1,1
"65.00000000_25.50000000",1,1
"65.20000000_-156.40000000",1,1
"65.90000000_-129.40000000",1,1
"68.30000000_-149.20000000",1,1
