species,slope,slope_SE,mass_f,id_population,id_species,broods,migr2,meanFED,meanFED_SE,duration,duration_SE,losses,losses_SE,clutch,clutch_se,t1_slope,t2_slope,t4_slope
Accipiter_cooperii,0.02532,0.014,529,1,1,0,1,-0.078,0.058,-0.051,0.116,-0.176,0.161,0.011819387,0.014477419,-0.003447368,-0.059838057,0.00187247
Accipiter_gentilis,-0.007,0.0135,1137,2,2,0,1,0.044,0.032,-0.165,0.034,-0.058,0.099,-0.023551469,0.012997224,0.097351916,0.057543554,0.035214866
Accipiter_gentilis,-0.0188,0.02272,1137,3,2,0,1,-0.06,0.115,0.107,0.228,9.00E-05,0.003,-0.049434273,0.027016116,-0.019802956,0.026403941,0.043021346
Accipiter_nisus,0.07997,0.03613,325,4,3,0,1,-0.144,0.097,0.25,0.281,-0.442,0.266,-0.039396756,0.039875273,0.100977444,0.06518797,0.014486216
Acrocephalus_scirpaceus,0.05338,0.01806,12.3,5,4,1,1,-0.296,0.508,0.716,0.119,-0.365,0.284,-0.001304489,0.024191236,0.091042781,0.052005348,0.073161765
Aegolius_funereus,-0.0178,0.04407,167,6,5,0,0,0.83,0.533,0.661,1.036,-0.287,0.88,-0.013498715,0.044159549,-0.076512176,0.027192982,0.03745614
Aegolius_funereus,-0.0029,0.01977,167,7,5,0,0,-0.009,0.24,-0.488,1.459,0.109,0.48,0.005588285,0.020194838,-0.074670088,0.020252933,0.068892045
Aegolius_funereus,-0.0615,0.03516,167,8,5,0,0,0.291,0.418,2.008,0.002,0.856,0.488,-0.042487534,0.036611428,0.287260572,0.169065773,0.01464359
Aethia_cristatella,0.00858,0.02186,264,9,6,0,0,-0.15,0.133,0.055,0.23,-0.17,0.434,NA,NA,0.010863181,0.018157953,0.025182301
Aethia_cristatella,-0.0382,0.01889,264,10,6,0,0,-0.262,0.116,-0.349,0.101,1.198,0.593,NA,NA,0.030323395,0.018914956,0.029765396
Aethia_psittacula,-0.0119,0.02581,258,11,7,0,0,-0.145,0.113,-0.288,0.163,0.227,0.493,-0.042024886,0.024263079,0.00318817,0.023843441,0.026048026
Aethia_psittacula,0.02313,0.02785,258,12,7,0,0,-0.188,0.045,0.069,0.229,-0.357,0.523,NA,NA,0.014836723,0.01968317,0.011276774
Aethia_psittacula,-0.0181,0.02001,258,13,7,0,0,-0.128,0.064,0.028,0.091,0.384,0.444,NA,NA,0.018914956,0.034182551,0.013752452
Aethia_pusilla,0.04574,0.02008,84,14,8,0,0,-0.082,0.079,0.03,0.19,-0.748,0.328,NA,NA,0.010863181,0.018157953,0.025182301
Aethia_pygmaea,0.0356,0.02488,121,15,9,0,0,-0.212,0.291,-0.097,0.209,-0.44,0.308,NA,NA,0.003119658,0.023840049,0.026048026
Alca_torda,-0.0427,0.02233,719,16,10,0,1,NA,NA,NA,NA,0.892,0.468,NA,NA,0.067531937,0.066399287,0.04786839
Alectrurus_risora,-0.0566,0.06225,21,17,11,1,1,-1.249,0.381,-0.37,1.087,-0.437,0.67,-0.051936349,0.062557078,0.05542816,0.046773612,0.026758242
Anous_tenuirostris,-0.0808,0.05379,111,18,12,0,0,-1.441,1.537,NA,NA,2.658,1.441,NA,NA,0.000980392,0.006781046,0.017892157
Apus_apus,0.0148,0.0144,37.6,19,13,0,1,0.026,0.069,0.033,0.066,-0.501,0.176,-0.030292264,0.013732104,0.009595142,0.009595142,-0.010827559
Branta_leucopsis,-0.0465,0.01293,1586,20,14,0,1,-0.145,0.061,0.082,0.089,1.106,0.243,NA,NA,0.096819472,0.096819472,0.047486049
Bucephala_clangula,-0.0152,0.03273,800,21,15,0,1,-0.505,0.148,0.848,0.166,-0.046,0.488,0.011155779,0.03280739,0.106837307,0.054884717,0.016570402
Bucorvus_cafer,-0.0097,0.05792,3500,22,16,0,0,-0.747,0.595,2.626,1.662,-1.018,1.424,NA,NA,0.01956044,-0.083076923,-0.059203297
Bulweria_bulwerii,0.19554,0.04612,99,23,17,0,1,NA,NA,NA,NA,-1.54,0.357,NA,NA,0.080991736,-0.010495868,0.067272727
Calonectris_diomedea,-0.0142,0.06715,778.8,24,18,0,1,NA,NA,NA,NA,0.135,0.64,NA,NA,0.046838628,0.057502359,0.057015047
Calonectris_diomedea,0.03926,0.04718,535,25,18,0,1,-0.118,0.128,-0.452,0.347,-0.203,0.246,NA,NA,0.034158927,0.000309598,0.049398005
Calyptorhynchus_lathami,0.01682,0.04068,437,26,19,0,0,NA,NA,NA,NA,-0.295,0.448,NA,NA,0.077769424,-0.02182122,0.075488722
Calyptorhynchus_latirostris,0.00236,0.01159,612,27,20,0,1,0.052,0.105,0.843,0.273,0.289,0.132,NA,NA,0.015895172,0.008492867,0.02969878
Cerorhinca_monocerata,-0.0911,0.04247,520,28,21,0,0,NA,NA,NA,NA,1.347,0.641,NA,NA,0.016615067,0.021465428,0.024664603
Cerorhinca_monocerata,0.11394,0.01841,520,29,21,0,0,-0.033,0.202,-0.113,0.363,-2.832,0.458,NA,NA,0.003589744,0.038418803,0.028105413
Larus_ridibundus,-0.0081,0.02064,284,30,22,0,1,-0.189,0.092,0.611,0.106,0.308,0.293,0.05182394,0.016971784,0.054300993,0.064812834,0.055662415
Ciconia_ciconia,-0.0111,0.0229,3473,31,23,0,1,NA,NA,NA,NA,-0.015,0.414,NA,NA,0.011330049,0.05546798,0.062315271
Ciconia_ciconia,-0.0074,0.03737,3473,32,23,0,1,NA,NA,NA,NA,0.567,0.541,NA,NA,0.011695652,0.087782609,0.05626087
Ciconia_ciconia,0.01224,0.01331,3473,33,23,0,1,NA,NA,NA,NA,-0.112,0.153,0.051931951,0.063298417,0.035505027,0.06276582,0.042904605
Ciconia_ciconia,-0.1399,0.05037,3473,34,23,0,1,NA,NA,NA,NA,0.508,0.689,NA,NA,0.142142857,0.065,0.10125
Ciconia_ciconia,-0.1714,0.05444,3473,35,23,0,1,NA,NA,NA,NA,1.584,0.666,NA,NA,0.118214286,0.108571429,0.051607143
Circus_cyaneus,-0.0259,0.0293,513,36,24,0,1,NA,NA,0.174,0.396,0.382,0.295,NA,NA,-0.007153846,0.039076923,0.027076923
Circus_pygargus,-0.0025,0.02891,370,37,25,0,1,NA,NA,-0.032,0.181,0.03,0.249,-0.036540471,0.104703175,0.039076923,-0.008923077,0.027076923
Circus_pygargus,-0.0402,0.0432,370,38,25,0,1,0.01,0.014,0.339,0.397,0.002,0.004,0.029447682,0.043700967,0.054035088,0.002105263,0.041403509
Circus_pygargus,-0.1241,0.01504,370,39,25,0,1,0.013,0.148,0.26,0.299,3.413,1.071,-0.004468979,0.034778555,0.105864662,0.058646617,0.070225564
Aquila_clanga,-0.0524,0.07181,1540,40,26,0,1,0.078,0.228,0.786,0.802,0.346,1.437,NA,NA,0.156127451,0.023529412,0.013519092
Aquila_pomarina,-0.0543,0.0508,1540,41,27,0,1,NA,NA,NA,NA,0.398,0.433,NA,NA,0.009313725,-0.079357298,-0.025122549
Colaptes_auratus,-0.0658,0.05524,129,42,28,0,1,-0.164,0.176,0.046,0.39,0.403,0.594,-0.034042488,0.057258769,-0.072352941,-0.007058824,-0.002009804
Corvus_corone,-0.0158,0.0307,570,43,29,0,1,0.206,0.607,-1.424,0.348,-0.575,0.44,-0.0068,0.03,-0.090086957,-0.093478261,0.009728261
Parus_caeruleus,0.00345,0.01874,13.3,44,30,0,0,-0.395,0.119,0.039,0.193,0.044,0.291,0.034300483,0.016969985,-0.008347657,0.053391971,0.060876755
Parus_caeruleus,0.01661,0.01863,13.3,45,30,0,0,-0.144,0.136,-0.339,0.271,-0.255,0.227,0.001795476,0.018859573,0.046826376,0.072801136,0.048645042
Parus_caeruleus,0.06449,0.06544,13.3,46,30,0,0,-0.227,0.159,-0.17,0.403,-0.534,0.384,-0.041664992,0.067461812,0.093823529,0.063235294,0.062647059
Parus_caeruleus,-0.0135,0.01012,13.3,47,30,0,0,-0.258,0.05,0.059,0.063,0.104,0.08,0.015205278,0.010072925,0.037728022,0.073498226,0.03848554
Parus_caeruleus,0.02442,0.00975,13.3,48,30,0,0,-0.228,0.053,-0.042,0.062,0.14,0.111,-0.00200997,0.010310045,0.037728022,0.073498226,0.03848554
Parus_caeruleus,0.00922,0.01031,13.3,49,30,0,0,-0.194,0.058,0.124,0.062,-0.22,0.133,-0.019978821,0.009971039,0.037728022,0.073498226,0.03848554
Parus_caeruleus,-0.0081,0.01025,13.3,50,30,1,0,-0.159,0.038,0.13,0.044,-0.018,0.086,0.021953197,0.009804533,0.035198413,0.065770975,0.042933673
Cygnus_columbianus,-0.049,0.08934,5700,51,31,0,1,-0.067,0.457,0.2,0.501,0.532,1.524,-0.143691015,0.077162182,-0.213547859,-0.18476149,-0.031127383
Delichon_urbicum,-0.0923,0.02641,14.5,52,32,1,1,-0.055,0.26,-1.898,0.462,NA,NA,-0.021932364,0.036971187,-0.04390559,0.045016797,0.065933758
Diomedea_exulans,0.02975,0.01481,6900,53,33,0,1,-0.036,0.015,-0.041,0.06,-0.001,0.001,NA,NA,0.030841575,0.031738013,0.023067945
Falco_naumanni,0.10082,0.05778,164,54,34,0,1,-0.221,0.163,-0.439,0.364,-0.775,0.418,-0.102043988,0.051162101,-0.035357143,0.007857143,-0.03495098
Falco_tinnunculus,-0.0482,0.02966,217,55,35,0,1,-0.089,0.188,-0.415,0.38,0.263,0.283,-0.051090754,0.029428711,-0.107565217,0.027782609,0.024057971
Ficedula_albicollis,0.02597,0.04032,10.3,56,36,0,1,-0.069,0.131,0.546,0.369,0.051,0.281,0.037261421,0.039722321,0.038181818,0.006168831,0.021623377
Ficedula_albicollis,0.02801,0.04768,10.3,57,36,0,1,-0.087,0.135,0.104,0.23,-0.635,0.702,0.089691817,0.042651993,-0.004024768,-0.031424149,0.006862745
Ficedula_albicollis,0.06252,0.01423,11.6,58,36,0,1,-0.2004,0.044,-0.072,0.121,0.174,0.187,0.004648065,0.018000005,0.048198428,0.063725388,0.048645042
Ficedula_hypoleuca,0.02916,0.01728,11.6,59,37,0,1,-0.207,0.063,0.209,0.113,-0.347,0.241,-0.001669842,0.018051116,-0.008347657,0.053391971,0.060876755
Ficedula_hypoleuca,0.00256,0.02567,11.6,60,37,0,1,-0.2,0.07,0.468,0.194,-0.214,0.251,0.014811474,0.025506185,0.037010513,0.080775519,0.030263797
Ficedula_hypoleuca,-0.0146,0.015,11.6,61,37,0,1,-0.113,0.05,0.192,0.094,0.209,0.103,0.016266462,0.014954942,0.036884555,0.042792263,0.028506234
Ficedula_hypoleuca,0.0152,0.01007,11.6,62,37,0,1,-0.215,0.028,0.132,0.059,0.051,0.125,0.041217185,0.008380758,0.073498226,0.057966109,0.039943311
Ficedula_hypoleuca,-0.0023,0.02377,11.6,63,37,0,1,-0.262,0.081,0.82,0.186,0.108,0.17,0.039414594,0.022486862,0.051000847,0.066417356,0.002421788
Ficedula_hypoleuca,0.0382,0.0202,11.6,64,37,0,1,-0.038,0.08,0.38,0.121,-0.611,0.253,0.017870719,0.021265522,0.105596612,-0.09715934,0.053691398
Ficedula_hypoleuca,0.04875,0.07444,11.6,65,37,0,1,-0.181,0.247,-0.53,0.757,-0.488,0.822,0.069555266,0.072577403,0.070343137,0.044362745,0.016421569
Ficedula_hypoleuca,-0.0347,0.02083,11.6,66,37,0,1,-0.14,0.115,-0.061,0.1,-0.028,0.081,-0.012410262,0.021707594,-0.02817734,0.073694581,0.010270936
Fratercula_arctica,-0.0589,0.01749,381,67,38,0,1,NA,NA,NA,NA,0.924,0.277,NA,NA,0.068746286,0.058810797,0.051591546
Fratercula_cirrhata,0.03169,0.03236,779,68,39,0,1,0.097,0.195,0.499,0.501,-0.944,0.964,NA,NA,0.02431928,0.031236276,0.036542966
Fratercula_cirrhata,-0.0076,0.02179,779,69,39,0,1,-0.316,0.198,0.534,0.458,0.173,0.496,NA,NA,0.018180695,0.023606476,0.024920694
Fratercula_cirrhata,0.01088,0.02975,779,70,39,0,1,0.096,0.143,-0.385,0.231,-0.279,0.762,NA,NA,0.019663452,0.010457463,0.011722443
Fratercula_cirrhata,-0.0194,0.01996,779,71,39,0,1,-0.088,0.106,0.051,0.13,0.44,0.449,NA,NA,0.018914956,0.026548754,0.035153959
Fratercula_corniculata,0.04349,0.04588,619,72,40,0,0,NA,NA,NA,NA,-0.913,0.964,NA,NA,0.082706767,0.038596491,0.054831523
Fratercula_corniculata,0.01852,0.02155,619,73,40,0,0,0.291,0.074,0.157,0.216,-0.362,0.421,NA,NA,0.018180695,0.023606476,0.024920694
Fratercula_corniculata,-0.0129,0.02929,619,74,40,0,0,-0.098,0.121,-0.106,0.179,0.315,0.715,NA,NA,0.019663452,0.010457463,0.011722443
Fratercula_corniculata,-0.0036,0.02031,619,75,40,0,0,0.064,0.073,0.079,0.139,0.243,0.442,NA,NA,0.018914956,0.034182551,0.035153959
Fulmarus_glacialis,-0.0145,0.01014,479,76,41,0,1,NA,NA,NA,NA,0.192,0.132,NA,NA,0.032600907,0.014369615,0.022078231
Gypaetus_barbatus,-0.0835,0.02309,5680,77,42,0,0,-0.18,0.336,0.076,0.377,0.676,0.364,-0.06779558,0.037623092,0.07750258,-0.074097007,-0.047574819
Gypaetus_barbatus,-0.0085,0.05266,5680,78,42,0,0,NA,NA,NA,NA,0.146,0.878,NA,NA,-0.002205882,0.032352941,-0.021650327
Haematopus_bachmani,0.07594,0.03364,689,79,43,0,0,-0.045,0.168,-0.159,0.202,-1.024,0.738,0.021873333,0.037552969,0.014935065,0.046320346,0.028679654
Haematopus_ostralegus,-0.0584,0.01883,526,80,44,0,1,-0.108,0.062,-0.338,0.134,0.358,0.113,-0.02501302,0.021316085,0.031064624,0.087075269,0.05177092
Hirundo_rustica,-0.0474,0.01513,15.8,81,45,1,1,-0.221,0.075,0.373,0.343,-0.088,0.043,-0.001019554,0.017235343,0.066249045,0.027674561,0.039373568
Hirundo_rustica,0.11145,0.05633,15.8,82,45,1,1,0.016,0.314,-0.249,0.575,0.897,0.956,NA,NA,-0.133081285,-0.052930057,0.006389414
Jynx_torquilla,0.1185,0.04291,37,83,46,1,1,-0.071,0.262,0.211,0.481,-0.951,0.486,NA,NA,0.086519608,0.033823529,0.053594771
Lamprotornis_superbus,-0.0806,0.04842,59.2,84,47,1,0,0.076,0.787,3.125,2.569,0.894,0.343,-0.10928421,0.044514887,0.0413,0.1037,0.0499
Larus_canus,-0.052,0.01527,375,85,48,0,1,-0.26,0.044,0.555,0.123,0.87,0.248,-0.036752211,0.017248418,0.047850708,0.051801802,0.058867439
Larus_crassirostris,0.0696,0.05148,494,86,49,0,1,NA,NA,NA,NA,NA,NA,NA,NA,0.01495098,0.009313725,0.024664603
Larus_glaucescens,-0.0748,0.02856,1010,87,50,0,1,-0.237,0.251,0.415,0.143,2.507,0.976,-0.063245771,0.029862578,0.02431928,0.027777778,0.031956522
Larus_glaucescens,0.02894,0.03877,1010,88,50,0,1,-0.707,0.261,0.909,0.245,-0.669,1.028,0.06004463,0.036293238,0.014818182,0.046233766,0.029220779
Larus_glaucescens,0.0996,0.04404,1010,89,50,0,1,-0.401,0.272,0.479,0.436,-3.808,1.246,0.056392947,0.049578319,0.015700483,0.02431928,0.050027847
Larus_glaucescens,-0.0265,0.02995,1010,90,50,0,1,0.593,0.244,0.659,0.315,0.705,0.745,-0.038718582,0.029344759,0.000458937,0.050652174,0.028105413
Macronectes_giganteus,-0.0499,0.01363,3944,91,51,0,1,-0.043,0.016,0.497,0.101,0.011,0.003,NA,NA,0.005398855,0.039625019,0.02598011
Macronectes_halli,-0.0449,0.01475,4000,92,52,0,1,0.001,0.03,0.496,0.053,0.007,0.002,NA,NA,-0.005319645,0.005398855,0.026173052
Malurus_elegans,-0.0599,0.0076,9.8,93,53,1,0,-2.371,1.543,-0.32,0.23,0.887,0.158,-0.037952252,0.015274366,-0.000669513,0.045315651,0.034511648
Margarops_fuscatus,-0.083,0.03138,75,94,54,1,0,0.509,0.38,2.122,1.689,1.883,0.488,-0.063315551,0.033961502,0.02564862,5.09E-05,0.010354924
Melanerpes_formicivorus,0.02709,0.01451,78.1,95,55,1,0,0.062,0.065,0.725,0.31,-0.45,0.257,0.025291833,0.014602446,0.039638363,-0.004638363,0.031329467
Mergus_squamatus,-0.0257,0.0638,1234,96,56,0,1,-1.013,0.322,-0.268,0.65,-0.121,0.94,-0.058354016,0.062120378,-0.074505495,0.062417582,0.012857143
Milvus_migrans,-0.0027,0.03355,600,97,57,0,1,-0.333,0.126,-0.106,0.436,0.075,0.635,0.031176428,0.03250448,-0.050923077,0.052769231,0.035538462
Oceanodroma_furcata,-0.0441,0.03922,55.3,98,58,0,1,-0.312,0.161,0.346,0.339,0.24,0.213,NA,NA,0.015700483,0.02431928,0.035216293
Oceanodroma_furcata,0.01129,0.01612,55.3,99,58,0,1,NA,NA,NA,NA,-0.201,0.287,0.061889796,0.01149169,0.018062687,0.022064499,0.011873301
Oceanodroma_furcata,0.12514,0.0369,55.3,100,58,0,1,NA,NA,NA,NA,-2.606,0.772,NA,NA,0.042063492,0.07213868,0.061539265
Oceanodroma_furcata,0.02671,0.032,55.3,101,58,0,1,-1.591,0.257,0.738,0.398,-0.35,0.419,NA,NA,0.014299517,0.041642512,0.031376812
Oceanodroma_furcata,0.00989,0.053,55.3,102,58,0,1,NA,NA,NA,NA,-0.154,0.823,NA,NA,-0.055443609,-0.008,0.037408244
Oceanodroma_leucorhoa,0.01904,0.04046,39.8,103,59,0,1,-0.312,0.161,0.215,0.277,-0.093,0.198,NA,NA,0.02431928,0.031236276,0.036542966
Oceanodroma_leucorhoa,0.05656,0.0124,39.8,104,59,0,1,NA,NA,NA,NA,-0.838,0.184,0.062742685,0.011179142,0.022064499,0.010595993,0.011873301
Oceanodroma_leucorhoa,-0.0008,0.03253,39.8,105,59,0,1,-0.346,0.16,0.296,0.311,0.007,0.256,NA,NA,0.055281072,0.021958718,0.035193237
Oceanodroma_monteiroi,-0.0646,0.04142,44.6,106,60,0,0,NA,NA,NA,NA,0.897,0.593,NA,NA,0.02,-0.009649123,0.019766082
Oenanthe_oenanthe,-0.0145,0.02706,22.3,107,61,0,1,-0.214,0.07,-0.151,0.261,0.006,0.003,0.044976712,0.02562134,0.061207271,0.081915891,0.047759369
Pachyptila_belcheri,-0.0423,0.06388,145,108,62,0,1,0.207,0.133,0.211,0.217,0.006,0.01,NA,NA,0.115686275,-0.022794118,-0.03251634
Panurus_biarmicus,0.02716,0.02775,15.7,109,63,1,0,-0.625,0.448,0.292,0.405,0.013,0.009,NA,NA,-0.005421147,0.060604839,0.063772401
Parus_major,-0.0264,0.00957,19,110,64,1,0,-0.228,0.053,0.075,0.045,0.234,0.08,-0.007499507,0.010256039,0.037728022,0.073498226,0.03848554
Parus_major,-0.0106,0.0102,19,111,64,1,0,-0.201,0.054,0.06,0.08,0.15,0.116,-0.01296873,0.010139256,0.037728022,0.073498226,0.03848554
Parus_major,-0.0298,0.00936,19,112,64,1,0,-0.203,0.056,0.169,0.072,-0.143,0.176,-0.039377885,0.008566861,0.037728022,0.073498226,0.03848554
Parus_major,-0.0317,0.00922,19,113,64,1,0,-0.152,0.044,0.13,0.063,-0.015,0.104,-0.048499158,0.007505787,0.035198413,0.065770975,0.042933673
Parus_major,0.06235,0.03508,19,114,64,1,0,0.584,0.265,-0.569,0.462,-0.21,0.476,0.116231071,0.026914157,-0.004545455,0.012337662,0.063588264
Parus_major,0.07604,0.02841,19,115,64,1,0,0.036,0.161,0.078,0.262,-0.135,0.297,0.118225071,0.020412537,0.043173212,0.069804018,0.06911726
Parus_major,0.04303,0.01721,19,116,64,0,0,-0.27,0.116,0.078,0.145,-0.159,0.166,0.016037434,0.018641103,0.046826376,0.072801136,0.048645042
Parus_major,0.01211,0.02171,19,117,64,1,0,-0.205,0.11,0.101,0.125,-0.005,0.062,0.000720767,0.021833497,-0.011477833,-0.02817734,0.035320197
Passer_domesticus,-0.0417,0.02585,27.4,118,65,1,0,0.268,0.17,0.664,0.538,0.232,0.208,0.011805837,0.027109654,0.005754986,0.078822412,0.057917569
Passerculus_sandwichensis,-0.0171,0.048,19.5,119,66,1,1,0.341,0.092,-0.301,0.018,0.452,0.517,-0.014652618,0.044137908,0.042787524,-0.039376218,-0.080745073
Perisoreus_infaustus,0.0448,0.03714,82,120,67,0,0,-0.237,0.19,0.607,0.198,-0.852,0.756,0.046281145,0.037543107,-0.024610433,0.075380669,0.076054187
Phaethon_lepturus,0.02738,0.07844,334,121,68,0,1,NA,NA,NA,NA,-0.116,0.334,NA,NA,0.020436508,0.007142857,0.021908069
Phalacrocorax_auritus,-0.0404,0.06482,1540,122,69,0,1,NA,NA,NA,NA,1.738,2.313,NA,NA,0.034457058,0.080266025,0.043744983
Phalacrocorax_capillatus,-0.0589,0.04588,2500,123,70,0,1,NA,NA,NA,NA,NA,NA,NA,NA,0.016615067,0.021465428,0.024664603
Phalacrocorax_pelagicus,-0.0512,0.03766,1702,124,71,0,1,NA,NA,NA,NA,1.952,1.344,NA,NA,0.015700483,0.02431928,0.034639877
Phalacrocorax_pelagicus,0.0194,0.02325,1702,125,71,0,1,NA,NA,NA,NA,0.415,0.314,NA,NA,0.018062687,0.022064499,0.011969082
Phalacrocorax_pelagicus,-0.0662,0.03199,1702,126,71,0,1,NA,NA,NA,NA,1.123,0.828,-0.023033133,0.038755991,-0.008783487,0.063617542,0.034109208
Phalacrocorax_pelagicus,-0.0437,0.05679,1702,127,71,0,1,NA,NA,NA,NA,NA,NA,-0.108414311,0.052151326,0.046895425,-0.021078431,-0.023556645
Phalacrocorax_urile,-0.024,0.05212,1788,128,72,0,0,NA,NA,NA,NA,0.581,1.475,NA,NA,-0.002453102,0.061183261,0.029220779
Phalacrocorax_urile,-0.0657,0.0453,1788,129,72,0,0,NA,NA,NA,NA,1.809,0.943,NA,NA,-0.037851164,0.017257195,0.017138707
Phalacrocorax_urile,0.01676,0.01417,1788,130,72,0,0,-0.216,0.14,0.079,0.385,-0.082,0.315,0.013000065,0.014657731,0.009589248,0.002703111,0.014371288
Phalacrocorax_urile,-0.0165,0.06339,1788,131,72,0,0,NA,NA,NA,NA,-0.263,1.295,-0.012820179,0.064374722,-0.049736842,0.015280702,0.005750487
Philetairus_socius,0.01999,0.05882,26.7,132,73,1,0,NA,NA,3.464,3.081,-0.171,0.475,NA,NA,-0.034141671,0.010934698,-0.006428653
Phoebastria_immutabilis,0.01939,0.04403,2853,133,74,0,1,NA,NA,-3.049,0.4,-0.314,0.699,NA,NA,0.033528265,0.002826511,-0.044175916
Phoebastria_nigripes,0.1031,0.04071,3148,134,75,0,1,NA,NA,-1.635,0.694,-0.898,0.351,NA,NA,0.033528265,0.002826511,-0.054260652
Phoenicurus_phoenicurus,-0.0178,0.04388,14.5,135,76,1,1,-0.18,0.178,0.009,0.401,0.194,0.737,0.034749621,0.043093566,0.04092437,0.026834734,0.046797386
Phoenicurus_phoenicurus,0.03185,0.03004,14.5,136,76,0,1,-0.019,0.187,-0.182,0.272,0.119,0.365,-0.037773745,0.029728093,0.121695652,-0.156067633,0.074422705
Plectrophenax_nivalis,0.05826,0.05618,42.2,137,77,0,1,-0.204,0.226,0.16,0.424,0.066,0.4,0.009098805,0.057926083,0.152647059,0.203382353,0.061029412
Podiceps_grisegena,0.0753,0.04034,1023,138,78,0,1,0.042,0.132,0,0.395,-0.734,0.456,0.065716456,0.041312782,0.103859649,0.09245614,0.050643275
Protonotaria_citrea,0.05557,0.04218,14.3,139,79,1,1,-0.216,0.237,-0.142,0.224,-1.679,0.488,0.104626613,0.036288554,0.228070175,0.104288499,0.091617934
Protonotaria_citrea,0.0643,0.02976,14.3,140,79,1,1,0.43,0.137,0.537,0.402,2.644,0.743,-0.099439644,0.024726148,0.05324989,0.140425999,0.087944664
Pygoscelis_adeliae,-0.0734,0.04055,5085,141,80,0,1,-0.132,0.176,0.174,0.272,-0.509,1.498,NA,NA,-0.03369371,0.01012268,-0.01724974
Pygoscelis_adeliae,0.03266,0.03422,5085,142,80,0,1,0.135,0.122,-0.036,0.161,0.003,0.007,NA,NA,0.106511858,0.001679842,-0.027992639
Pygoscelis_antarcticus,-0.0033,0.02076,4150,143,81,0,1,NA,NA,NA,NA,NA,NA,NA,NA,0.002317073,-0.004695122,-0.004979013
Rissa_brevirostris,0.01519,0.02164,382,144,82,0,1,-0.116,0.131,-0.452,0.222,-0.22,0.314,-0.024471635,0.021338516,0.018180695,0.023606476,0.02753059
Rissa_brevirostris,-0.0041,0.01722,382,145,82,0,1,-0.438,0.13,0.156,0.089,0.064,0.297,-0.011443016,0.016948642,0.018351214,0.028345567,0.036589497
Rissa_brevirostris,0.02298,0.01995,382,146,82,0,1,-0.736,0.099,-0.086,0.223,0.182,0.286,-0.051004884,0.021340894,0.002703111,0.008728481,0.017192691
Rissa_tridactyla,0.00996,0.04812,393,147,83,0,1,NA,NA,NA,NA,-0.492,0.459,NA,NA,-0.000206398,-0.022910217,-0.010388717
Rissa_tridactyla,-0.0582,0.01652,393,148,83,0,1,NA,NA,NA,NA,1.095,0.361,NA,NA,0.068746286,0.058810797,0.051591546
Rissa_tridactyla,-0.0209,0.01327,393,149,83,0,1,-0.496,0.112,0.018,0.201,0.249,0.355,0.006952974,0.013707521,0.002703111,0.008728481,0.017192691
Rissa_tridactyla,-0.0088,0.01803,393,150,83,0,1,NA,NA,NA,NA,NA,NA,NA,NA,-0.012061794,0.038562092,-0.025362872
Rissa_tridactyla,0.0055,0.02181,393,151,83,0,1,0.136,0.157,-0.448,0.217,-0.069,0.296,-0.022326317,0.021422368,0.018180695,0.023606476,0.02753059
Rissa_tridactyla,-0.0315,0.0252,393,152,83,0,1,NA,NA,NA,NA,NA,NA,NA,NA,0.052116402,0.092250233,0.03924681
Rissa_tridactyla,-0.0155,0.01834,393,153,83,0,1,-0.045,0.142,0.098,0.102,0.366,0.398,0.044061303,0.015857886,0.011909582,0.015283401,0.017808142
Rissa_tridactyla,-0.0664,0.03221,393,154,83,0,1,NA,NA,NA,NA,1.747,0.84,NA,NA,0.016835749,0.035483092,0.023985507
Rissa_tridactyla,0.00531,0.01704,393,155,83,0,1,-0.424,0.184,-0.183,0.157,-0.099,0.323,0.003672481,0.01705332,0.018351214,0.028345567,0.036589497
Rissa_tridactyla,-0.0266,0.03474,393,156,83,0,1,NA,NA,NA,NA,NA,NA,-0.013626444,0.036433409,-0.007560073,0.002603677,-0.006070017
Rissa_tridactyla,-0.0554,0.01879,393,157,83,0,1,-0.384,0.218,0.235,0.186,1.303,0.496,NA,NA,0.010725806,0.033669355,0.017298387
Rissa_tridactyla,0.04263,0.0761,393,158,83,0,1,NA,NA,NA,NA,-1.219,1.386,NA,NA,-0.092142857,-0.062714286,-0.054166667
Somateria_fischeri,-0.0899,0.04844,1304,159,84,0,1,0.556,0.2,3.031,0.638,1.171,0.36,-0.040387824,0.052975425,-0.213547859,-0.155975122,-0.03560081
Somateria_mollissima,-0.1126,0.0542,1915,160,85,0,1,0.361,0.194,0.382,0.228,0.855,0.508,-0.162228391,0.043448378,0.142058824,0.027794118,0.044460784
Sterna_dougallii,-0.0173,0.02869,110,161,86,0,1,NA,NA,NA,NA,NA,NA,NA,NA,0.027307692,0.042538462,0.02125641
Sterna_dougallii,-0.0789,0.02378,110,162,86,0,1,NA,NA,NA,NA,NA,NA,NA,NA,-0.002878438,0.015615385,0.001179487
Sterna_dougallii,0.00691,0.03341,110,163,86,0,1,NA,NA,NA,NA,NA,NA,NA,NA,0.022076923,-0.000692308,0.009666667
Sterna_dougallii,0.0058,0.03492,110,164,86,0,1,0.144,0.354,NA,NA,-0.308,0.999,-0.058186142,0.058674389,-0.003502415,0.025256039,0.009958937
Sterna_hirundo,-0.0507,0.02517,120,165,87,0,1,0.078,0.113,1.478,0.274,0.627,0.568,-0.054597504,0.024830165,0.020512821,-0.002495726,0.004330484
Strix_aluco,0.02378,0.02384,524,166,88,0,0,-0.611,0.233,0.583,0.706,-0.095,0.149,0.027909019,0.023648338,-0.128439006,-0.020177976,0.015823137
Strix_aluco,-0.0215,0.01361,524,167,88,0,0,-0.253,0.144,-0.202,0.276,0.003,0.001,-0.005787019,0.014021788,0.078902439,0.047270169,0.031629143
Strix_aluco,-0.008,0.02071,524,168,88,0,0,-0.091,0.185,-0.351,0.239,-0.001,0.158,-0.024183366,0.020269873,0.054144265,0.041644265,0.044254032
Strix_uralensis,0.00854,0.01346,863,169,89,0,0,-0.276,0.123,0.092,0.134,0.001,0.126,0.006216935,0.013496635,0.123606272,0.042543554,0.021788618
Sturnus_unicolor,0.0209,0.05243,85.5,170,90,1,0,-0.012,0.22,-0.157,0.463,0.798,0.306,-0.04424541,0.051451602,-0.035703701,0.035153398,-0.01631811
Sturnus_vulgaris,0.01691,0.03008,79.9,171,91,0,1,-0.01,0.108,0.025,0.074,-0.155,0.281,-0.039405541,0.02881822,0.075080581,0.044785015,0.113118044
Sula_nebouxii,-0.0517,0.02509,1530,172,92,0,0,0.365,0.926,-0.801,1.185,1.497,0.595,-0.024254337,0.026762462,0.006290598,-0.021846154,0.003779332
Synthliboramphus_antiquus,0.07926,0.03324,206,173,93,0,0,-0.294,0.142,3.688,0.548,-0.383,0.258,0.066119076,0.034717654,0.034271284,0.043650794,0.029220779
Synthliboramphus_antiquus,0.04421,0.022,206,174,93,0,0,-0.348,0.111,0.059,0.125,-0.255,0.106,0.031931911,0.021047078,0.010725806,0.033669355,0.02719086
Tachycineta_bicolor,0.00304,0.02567,20.1,175,94,0,1,-0.16,0.076,-0.37,0.142,0.004,0.613,0.048883876,0.023743532,0.032861891,0.118418231,0.093522848
Tachycineta_bicolor,0.00512,0.04086,20.1,176,94,0,1,-0.059,0.149,-0.413,0.261,0.039,0.896,-0.039268851,0.039814253,0.062406015,-0.034252297,-0.064223058
Tachymarptis_melba,0.01578,0.04071,104,177,95,0,1,-0.106,0.217,0.55,0.556,0.0001,0.005,0.009936488,0.040808805,0.07222807,-0.067960223,0.051038375
Tachymarptis_melba,-0.0272,0.04379,104,178,95,0,1,0.018,0.231,-0.218,0.441,0.881,0.788,-0.055992561,0.042146918,0.071695906,-0.046830787,0.04638369
Tetrao_tetrix,0.03152,0.01426,910,179,96,0,0,-0.121,NA,NA,NA,-0.294,0.21,NA,NA,0.069032279,0.069032279,0.032362184
Tetrao_urogallus,0.03427,0.01408,1800,180,97,0,0,-0.121,0.029,NA,NA,-0.468,0.188,NA,NA,0.069032279,0.069032279,0.032362184
Tetrao_urogallus,-0.095,0.02321,1800,181,97,0,0,NA,NA,NA,NA,0.089,0.006,NA,NA,0.036763285,0.018236715,-0.01031401
Thalassarche_chrysostoma,-0.0277,0.02366,3264,182,98,0,1,-0.058,0.023,-0.061,0.091,0.006,0.005,NA,NA,0.043329291,0.039854384,0.019061659
Thalassarche_melanophrys,0.00486,0.018,3206,183,99,0,1,-0.058,0.02,0.041,0.076,-0.001,0.003,NA,NA,0.016076404,0.04939232,0.010798909
Troglodytes_aedon,0.01356,0.01444,10.9,184,100,1,1,-0.222,0.061,0.021,0.084,-0.061,0.19,0.013560465,0.014436113,0.015791204,0.043043684,0.011554845
Turdus_merula,-0.0312,0.0372,113,185,101,1,1,-0.134,0.308,0.909,0.596,0.313,0.237,-0.025640016,0.037427345,0.02950938,0.020151515,0.021096681
Tyto_alba,0.03289,0.02341,350,186,102,1,0,-0.143,0.253,0.774,0.637,0.445,0.201,0.062279202,0.020982567,-0.030114944,-0.021936392,0.036981288
Tyto_alba,-0.072,0.06101,350,187,102,0,0,0.294,0.373,0.093,1.967,0.089,0.381,NA,NA,-0.040357143,0.082678571,0.106160714
Uria_aalge,-0.035,0.01538,979,188,103,0,1,-0.005,0.076,-0.163,0.113,0.423,0.185,NA,NA,0.025817246,0.042097812,0.008806902
Uria_aalge,-0.0394,0.01488,979,189,103,0,1,-0.004,0.098,0.421,0.218,0.64,0.242,NA,NA,-0.004610647,0.000567215,0.01551333
Uria_aalge,-0.0276,0.03254,979,190,103,0,1,-0.06,0.283,-0.187,0.462,0.909,1.071,NA,NA,0.02431928,0.031236276,0.039415898
Uria_aalge,-0.0242,0.01787,979,191,103,0,1,0.0111,0.082,0.005,0.133,0.374,0.276,NA,NA,0.011909582,0.015283401,0.015412731
Uria_aalge,-0.0175,0.03025,979,192,103,0,1,0.319,0.187,-0.42,0.242,0.334,0.578,NA,NA,0.038418803,0.016068376,0.024444444
Uria_aalge,-0.0336,0.0157,979,193,103,0,1,0.098,0.077,-0.475,0.282,0.606,0.299,NA,NA,0.018351214,0.028345567,0.056339795
Uria_aalge,-0.0285,0.02725,979,194,103,0,1,0.135,0.192,0.232,0.184,0.865,0.749,NA,NA,0.018914956,0.034182551,0.035153959
Uria_lomvia,-0.049,0.01478,964,195,104,0,1,-0.0004,0.089,0.084,0.139,0.808,0.244,NA,NA,0.018351214,0.028345567,0.056339795
Uria_lomvia,-0.0251,0.01443,964,196,104,0,1,0.178,0.08,0.321,0.126,0.358,0.206,NA,NA,-0.004610647,0.000567215,0.01551333
Uria_lomvia,-0.0531,0.03092,964,197,104,0,1,NA,NA,NA,NA,1.317,1.316,NA,NA,0.02431928,0.031236276,0.039415898
Uria_lomvia,-0.0703,0.01733,964,198,104,0,1,0.2,0.076,-0.156,0.154,0.747,0.184,NA,NA,0.018180695,0.023606476,0.024001978
Uria_lomvia,-0.0305,0.01738,964,199,104,0,1,0.086,0.073,0.017,0.136,0.463,0.264,NA,NA,0.011909582,0.015283401,0.015412731
Uria_lomvia,0.00507,0.03046,964,200,104,0,1,0.379,0.183,0.266,0.239,-0.099,0.593,NA,NA,0.038418803,0.016068376,0.024444444
Uria_lomvia,-0.0117,0.02794,964,201,104,0,1,0.065,0.14,0.149,0.14,0.337,0.703,NA,NA,0.018914956,0.034182551,0.035153959