"model","parameter","fixed_value","estimated_tau2","estimated_rho_km","logLik_REML","AIC_REML","elapsed_seconds","convergence_status","warnings","delta_logLik_from_grid_max"
"combined","rho",10,5.96956975182609e-10,10,-825.239289997317,1658.47857999463,232.098,"completed_no_explicit_optimizer_status",NA,1.69436801710197
"combined","rho",30,1.09352791804901e-09,30,-825.239290045868,1658.47858009174,108.596,"completed_no_explicit_optimizer_status","Setting class(x) to multiple strings (""vcovmat"", ""dsyMatrix"", ...); result will no longer be an S4 object",1.69436806565295
"combined","rho",100,0.00188759532464815,100,-825.227724186768,1658.45544837354,46.621,"completed_no_explicit_optimizer_status","Setting class(x) to multiple strings (""vcovmat"", ""dsyMatrix"", ...); result will no longer be an S4 object",1.68280220655299
"combined","rho",200,0.0150587459182848,200,-824.352786019454,1656.70557203891,32.224,"completed_no_explicit_optimizer_status","Setting class(x) to multiple strings (""vcovmat"", ""dsyMatrix"", ...); result will no longer be an S4 object",0.807864039239007
"combined","rho",400,0.0195522928879255,400,-823.602770156278,1655.20554031256,31.665,"completed_no_explicit_optimizer_status","Setting class(x) to multiple strings (""vcovmat"", ""dsyMatrix"", ...); result will no longer be an S4 object",0.0578481760629757
"combined","rho",535.5823133,0.0204158507498481,535.5823133,-823.544921980215,1655.08984396043,31.953,"completed_no_explicit_optimizer_status","Setting class(x) to multiple strings (""vcovmat"", ""dsyMatrix"", ...); result will no longer be an S4 object",0
"combined","rho",800,0.0217493492355841,800,-823.608866111863,1655.21773222373,33.873,"completed_no_explicit_optimizer_status","Setting class(x) to multiple strings (""vcovmat"", ""dsyMatrix"", ...); result will no longer be an S4 object",0.0639441316479861
"combined","rho",1500,0.0251193746968339,1500,-823.779970792999,1655.559941586,32.465,"completed_no_explicit_optimizer_status","Setting class(x) to multiple strings (""vcovmat"", ""dsyMatrix"", ...); result will no longer be an S4 object",0.235048812784044
"combined","rho",3000,0.0297788421686128,3000,-823.986703212621,1655.97340642524,30.562,"completed_no_explicit_optimizer_status","Setting class(x) to multiple strings (""vcovmat"", ""dsyMatrix"", ...); result will no longer be an S4 object",0.441781232406015
"combined","rho",6000,0.0358650570960987,6000,-824.281623117994,1656.56324623599,28.011,"completed_no_explicit_optimizer_status","Setting class(x) to multiple strings (""vcovmat"", ""dsyMatrix"", ...); result will no longer be an S4 object",0.736701137778937
"combined","rho",12000,0.0480602353522262,12000,-824.550198715023,1657.10039743005,29.173,"completed_no_explicit_optimizer_status","Setting class(x) to multiple strings (""vcovmat"", ""dsyMatrix"", ...); result will no longer be an S4 object",1.00527673480804
"combined","tau2",0,0,4085.68139361813,-825.23928993561,1658.47857987122,8.984,"completed_no_explicit_optimizer_status",NA,1.69399835872707
"combined","tau2",0.001,0.001,571.462775860311,-825.008913841211,1658.01782768242,40.157,"completed_no_explicit_optimizer_status","Setting class(x) to multiple strings (""vcovmat"", ""dsyMatrix"", ...); result will no longer be an S4 object",1.46362226432802
"combined","tau2",0.003,0.003,546.582715926054,-824.628703896289,1657.25740779258,32.785,"completed_no_explicit_optimizer_status","Setting class(x) to multiple strings (""vcovmat"", ""dsyMatrix"", ...); result will no longer be an S4 object",1.08341231940608
"combined","tau2",0.005,0.005,530.574091158267,-824.332676070098,1656.6653521402,34.127,"completed_no_explicit_optimizer_status","Setting class(x) to multiple strings (""vcovmat"", ""dsyMatrix"", ...); result will no longer be an S4 object",0.787384493215086
"combined","tau2",0.01,0.01,512.78198180643,-823.85019042564,1655.70038085128,38.038,"completed_no_explicit_optimizer_status","Setting class(x) to multiple strings (""vcovmat"", ""dsyMatrix"", ...); result will no longer be an S4 object",0.304898848757034
"combined","tau2",0.02,0.02,533.240614041615,-823.545291576883,1655.09058315377,29.418,"completed_no_explicit_optimizer_status","Setting class(x) to multiple strings (""vcovmat"", ""dsyMatrix"", ...); result will no longer be an S4 object",0
"combined","tau2",0.04,0.04,1601.25178350153,-823.950049663781,1655.90009932756,24.562,"completed_no_explicit_optimizer_status","Setting class(x) to multiple strings (""vcovmat"", ""dsyMatrix"", ...); result will no longer be an S4 object",0.404758086898028
"combined","tau2",0.08,0.08,5901.55257956377,-824.560458027102,1657.1209160542,30.345,"completed_no_explicit_optimizer_status","Setting class(x) to multiple strings (""vcovmat"", ""dsyMatrix"", ...); result will no longer be an S4 object",1.015166450219
"combined","tau2",0.16,0.16,39213.2557958353,-824.83369287773,1657.66738575546,33.588,"completed_no_explicit_optimizer_status","Setting class(x) to multiple strings (""vcovmat"", ""dsyMatrix"", ...); result will no longer be an S4 object",1.288401300847
"spatial_only","rho",1,0.337537600353674,1,-950.346574512764,1906.69314902553,8.473,"completed_no_explicit_optimizer_status",NA,22.0429780511851
"spatial_only","rho",5,0.337221948035667,5,-949.252698035511,1904.50539607102,16.88,"completed_no_explicit_optimizer_status",NA,20.949101573932
"spatial_only","rho",20,0.329219205528708,20,-943.425477469852,1892.8509549397,36.304,"completed_no_explicit_optimizer_status","Setting class(x) to multiple strings (""vcovmat"", ""dsyMatrix"", ...); result will no longer be an S4 object",15.121881008273
"spatial_only","rho",50,0.319613912102704,50,-936.532447003103,1879.06489400621,23.676,"completed_no_explicit_optimizer_status","Setting class(x) to multiple strings (""vcovmat"", ""dsyMatrix"", ...); result will no longer be an S4 object",8.22885054152403
"spatial_only","rho",100,0.317366122293334,100,-930.446664291493,1866.89332858299,19.807,"completed_no_explicit_optimizer_status","Setting class(x) to multiple strings (""vcovmat"", ""dsyMatrix"", ...); result will no longer be an S4 object",2.143067829914
"spatial_only","rho",168.7093726,0.322658194740759,168.7093726,-928.303596461579,1862.60719292316,20.075,"completed_no_explicit_optimizer_status","Setting class(x) to multiple strings (""vcovmat"", ""dsyMatrix"", ...); result will no longer be an S4 object",0
"spatial_only","rho",300,0.351876608826775,300,-930.900089220804,1867.80017844161,22.454,"completed_no_explicit_optimizer_status","Setting class(x) to multiple strings (""vcovmat"", ""dsyMatrix"", ...); result will no longer be an S4 object",2.59649275922504
"spatial_only","rho",600,0.44762287073127,600,-938.093296053004,1882.18659210601,22.894,"completed_no_explicit_optimizer_status","Setting class(x) to multiple strings (""vcovmat"", ""dsyMatrix"", ...); result will no longer be an S4 object",9.789699591425
"spatial_only","rho",1200,0.660755541313613,1200,-945.612065563228,1897.22413112646,24.006,"completed_no_explicit_optimizer_status","Setting class(x) to multiple strings (""vcovmat"", ""dsyMatrix"", ...); result will no longer be an S4 object",17.3084691016491
"spatial_only","rho",3000,1.36587340796991,3000,-952.907266423181,1911.81453284636,20.554,"completed_no_explicit_optimizer_status","Setting class(x) to multiple strings (""vcovmat"", ""dsyMatrix"", ...); result will no longer be an S4 object",24.603669961602
"spatial_only","tau2",0,0,4085.68139361813,-1054.80122204769,2115.60244409539,4.611,"completed_no_explicit_optimizer_status",NA,126.497625586154
"spatial_only","tau2",0.02,0.02,527.521578111592,-1006.11315228764,2018.22630457528,19.193,"completed_no_explicit_optimizer_status","Setting class(x) to multiple strings (""vcovmat"", ""dsyMatrix"", ...); result will no longer be an S4 object",77.809555826104
"spatial_only","tau2",0.05,0.05,275.832445026757,-976.790347410627,1959.58069482125,19.875,"completed_no_explicit_optimizer_status","Setting class(x) to multiple strings (""vcovmat"", ""dsyMatrix"", ...); result will no longer be an S4 object",48.486750949091
"spatial_only","tau2",0.1,0.1,206.939820250861,-952.76166188944,1911.52332377888,22.075,"completed_no_explicit_optimizer_status","Setting class(x) to multiple strings (""vcovmat"", ""dsyMatrix"", ...); result will no longer be an S4 object",24.458065427904
"spatial_only","tau2",0.2,0.2,170.212671285229,-933.421964872017,1872.84392974403,20.032,"completed_no_explicit_optimizer_status","Setting class(x) to multiple strings (""vcovmat"", ""dsyMatrix"", ...); result will no longer be an S4 object",5.11836841048103
"spatial_only","tau2",0.3226583722,0.3226583722,168.708978161069,-928.303596461536,1862.60719292307,23.58,"completed_no_explicit_optimizer_status","Setting class(x) to multiple strings (""vcovmat"", ""dsyMatrix"", ...); result will no longer be an S4 object",0
"spatial_only","tau2",0.5,0.5,226.450868326681,-933.065799878866,1872.13159975773,22.428,"completed_no_explicit_optimizer_status","Setting class(x) to multiple strings (""vcovmat"", ""dsyMatrix"", ...); result will no longer be an S4 object",4.76220341732994
"spatial_only","tau2",0.8,0.8,619.281583226813,-943.666969337629,1893.33393867526,22.092,"completed_no_explicit_optimizer_status","Setting class(x) to multiple strings (""vcovmat"", ""dsyMatrix"", ...); result will no longer be an S4 object",15.363372876093
"spatial_only","tau2",1.2,1.2,1426.86078496479,-949.934516764854,1905.86903352971,20.554,"completed_no_explicit_optimizer_status","Setting class(x) to multiple strings (""vcovmat"", ""dsyMatrix"", ...); result will no longer be an S4 object",21.630920303318
