"","37.06000000_-6.66000000","38.37000000_-1.61000000","38.42972200_-1.75916700","38.48000000_-1.83000000","38.67000000_-0.57000000","39.20000000_-0.91666700","39.75000000_-0.71666700","40.18000000_0.10000000","40.19314100_-5.00000000","40.38305600_-5.11555600","41.28333300_1.90000000","41.29346100_1.87723500","41.68000000_2.22000000","41.70000000_1.91666700","41.75000000_1.98333300","41.77000000_2.86000000","41.97000000_1.41000000","42.00000000_1.56666700","42.13000000_-7.44000000","42.15000000_-6.25000000","42.15000000_1.63000000","42.19000000_-4.23000000","42.22500000_-6.56222200","42.23000000_-6.77000000","42.25000000_-6.20000000","42.26000000_-8.86000000","42.31666700_-6.21666700","42.42000000_-1.25000000","42.73333300_-7.90000000","42.95000000_-9.10000000","43.50000000_-8.63333300","44.55555600_-0.11111100"
"37.06000000_-6.66000000",0,468.326153810243,457.838871111063,453.727976430045,564.751879321586,556.624712629084,598.687001427483,682.739156435297,376.627206384307,392.564409912319,875.148918189915,874.048956949466,920.446388507708,900.081053624002,907.732070927424,971.503483170375,881.792849275972,894.312871880471,566.872179839072,566.222173497598,908.241072175469,606.506113880356,573.520481340594,574.092067185354,577.584056024853,607.368220042667,584.876431418141,754.097445824622,638.767870923183,686.291681310479,734.462615565753,998.330927239641
"38.37000000_-1.61000000",468.326153810243,0,14.6197112632017,22.7631685423749,96.6168596643907,110.08454625668,171.606374315189,249.292214342114,355.655268989875,375.697953021064,441.424455035318,440.913398322865,491.788201722611,476.680252877834,484.50404238595,536.43689134312,475.280488615556,485.354043901986,648.064640630094,575.989357840132,502.042253773262,479.0697540194,600.2167477373,613.09305186947,581.070667019593,752.111161240668,587.390279039222,450.757382339517,719.765123405471,811.748634130445,820.650915072672,698.269145423426
"38.42972200_-1.75916700",457.838871111063,14.6197112632017,0,8.32922590603594,107.03830460171,112.542966440622,172.097503153096,251.928174296644,341.212376075158,361.337161287925,445.374680482056,444.795361036011,495.386334731889,479.687630135128,487.526710816372,540.856160066804,476.722729153831,487.059053075947,633.949740242444,562.386375454958,503.588446875623,467.338666892884,586.503638019113,599.28595138623,567.570276012013,737.732741066513,573.929787647883,445.191100326618,705.818927447434,797.580350749638,806.856323072874,694.092526163656
"38.48000000_-1.83000000",453.727976430045,22.7631685423749,8.32922590603594,0,111.805609370761,112.589062354735,170.730633215054,251.60810865907,332.930957184927,353.030404019217,445.656910444097,445.037704847096,495.440553667163,479.403715624063,487.248498853769,541.378716785422,475.542637281851,486.023937734905,625.620526248411,554.113002971029,502.456731560256,459.626201319434,578.211276024545,590.979906346407,559.316712008184,729.43122921159,565.684408294533,440.265285247823,697.497473846765,789.251887296091,798.551194940179,689.814482002005
"38.67000000_-0.57000000",564.751879321586,96.6168596643907,107.03830460171,111.805609370761,0,66.0705583111568,120.568310038122,177.292712192002,417.1533832216,434.573874769144,358.73405311606,358.498568846811,410.040367389541,397.501392988054,405.183813739768,451.277785758662,403.198845137476,411.900360021575,698.039106107026,617.626737719796,429.1409494161,499.124329337922,643.338149343339,657.647130312494,621.089327377249,807.697524953509,626.744307489253,420.380215766728,765.913021506557,861.816039616806,863.458147628295,654.799295010551
"39.20000000_-0.91666700",556.624712629084,110.08454625668,112.542966440622,112.589062354735,66.0705583111568,0,63.4420169403114,139.44126137189,367.136654797987,382.834910938281,333.067883430699,332.449903667094,382.907084856767,367.154021300674,374.99174474341,428.844978767022,365.225391664512,375.269741952868,640.146020157009,557.167336875001,391.9683777344,434.2892085924,583.239914178862,597.961390158325,560.123880136202,751.733531311391,565.561884659485,358.685356377278,706.387001960586,803.43081324793,802.614966207837,598.58431213005
"39.75000000_-0.71666700",598.687001427483,171.606374315189,172.097503153096,170.730633215054,120.568310038122,63.4420169403114,0,84.5449251556435,369.177569402367,381.756282652208,279.558942984505,278.70858935607,327.845383736793,310.430902997216,318.276755070876,376.148372099019,304.819152591544,315.373675775283,624.588305568466,536.584640666506,331.747055494244,401.030497315177,563.30159520358,578.860306965567,538.271679037774,739.229349635917,543.116551718257,299.883792769766,686.944540521162,785.953294135844,779.676389933829,536.120107496007
"40.18000000_0.10000000",682.739156435297,249.292214342114,251.928174296644,251.60810865907,177.292712192002,139.44126137189,84.5449251556435,0,434.263806914993,444.05003303267,195.268862957087,194.479640579979,244.178132801052,227.798882414271,235.642688381721,291.764611066939,227.230958848247,236.715382387404,668.634026856842,575.895243553481,253.668922217759,426.302224987066,602.979921725415,619.327020420487,575.981623109212,785.599625821561,579.999884179326,273.251977187297,725.692605690796,826.197150638672,813.135312320669,486.349337215154
"40.19314100_-5.00000000",376.627206384307,355.655268989875,341.212376075158,332.930957184927,417.1533832216,367.136654797987,369.177569402367,434.263806914993,0,23.2651116453202,595.089668441793,593.395585391774,629.838776353878,605.770143279571,612.489700441552,683.991643239957,573.468586866178,586.847338893299,296.969520776122,241.306553749149,597.097102043216,230.979627371731,260.921532552132,270.550107407455,249.603808545816,396.71420366675,256.928745328971,399.661608058662,371.822775863258,458.900223895545,475.243041769254,629.791934182994
"40.38305600_-5.11555600",392.564409912319,375.697953021064,361.337161287925,353.030404019217,434.573874769144,382.834910938281,381.756282652208,444.05003303267,23.2651116453202,0,599.951462204613,598.204178657739,633.256455319362,608.908100656845,615.469425834991,687.438440992988,575.048563516147,588.449385678362,274.916680146741,218.042099980106,598.136246306175,213.946916498999,237.741662006939,247.517230534173,226.348282628204,376.42123498014,233.678645957858,394.47854747386,349.375226834882,437.394589135536,452.629483027715,619.592373334963
"41.28333300_1.90000000",875.148918189915,441.424455035318,445.374680482056,445.656910444097,358.73405311606,333.067883430699,279.558942984505,195.268862957087,595.089668441793,599.951462204613,0,2.2139811233679,51.5280371581054,46.2973885670484,52.2945726644302,96.6493897761821,86.5083562514194,84.3029273429622,782.634385338717,684.745010904304,98.8461519650783,519.68783740108,711.215028354762,728.342331770867,681.768210354299,900.589746187869,683.989654690008,290.431619145801,827.144581714253,927.612036299876,900.879718353629,398.845701168726
"41.29346100_1.87723500",874.048956949466,440.913398322865,444.795361036011,445.037704847096,358.498568846811,332.449903667094,278.70858935607,194.479640579979,593.395585391774,598.204178657739,2.2139811233679,0,51.5985821514344,45.2715446369168,51.4725770704072,97.610446972812,84.6276243089681,82.6277069327424,780.561649289744,682.661840061349,97.3328234570256,517.574895157741,709.125633776122,726.254045833716,679.672707147059,898.510375305217,681.886711074754,288.222371125911,825.017270137141,925.47750957478,898.70784609345,397.052802577469
"41.68000000_2.22000000",920.446388507708,491.788201722611,495.386334731889,495.440553667163,410.040367389541,382.907084856767,327.845383736793,244.178132801052,629.838776353878,633.256455319362,51.5280371581054,51.5985821514344,0,25.3504742496412,21.1742938548269,54.182113514249,74.6038812672044,64.8680529838668,802.654261726647,704.323784801806,71.5609620120917,537.790312967673,730.339329341592,747.501389746421,700.561208841992,920.021101038889,702.276657817313,298.769231440982,843.354713281184,943.085645836974,912.78058154243,371.507310144487
"41.70000000_1.91666700",900.081053624002,476.680252877834,479.687630135128,479.403715624063,397.501392988054,367.154021300674,310.430902997216,227.798882414271,605.770143279571,608.908100656845,46.2973885670484,45.2715446369168,25.3504742496412,0,7.84919958425663,78.8630544599557,51.6773820681304,44.2165987315699,777.314799958961,678.988461907213,55.350128180192,512.477942593273,705.01493503273,722.177030242484,675.243574190446,894.697114351522,676.974224283064,274.023076275945,818.158323298613,917.943826460478,887.935322321021,357.553984378825
"41.75000000_1.98333300",907.732070927424,484.50404238595,487.526710816372,487.248498853769,405.183813739768,374.99174474341,318.276755070876,235.642688381721,612.489700441552,615.469425834991,52.2945726644302,51.4725770704072,21.1742938548269,7.84919958425663,0,72.9383301764696,53.5099801719333,44.3554569204717,782.204007283693,683.848926978657,53.2186013110688,517.217960876148,709.806775992639,726.96814909663,680.001363012703,899.48198410259,681.664085016448,277.665039653807,822.528080916207,922.192009071356,891.695232488293,355.172291116086
"41.77000000_2.86000000",971.503483170375,536.43689134312,540.856160066804,541.378716785422,451.277785758662,428.844978767022,376.148372099019,291.764611066939,683.991643239957,687.438440992988,96.6493897761821,97.610446972812,54.182113514249,78.8630544599557,72.9383301764696,0,122.408704658825,110.343016285398,854.447158471998,756.06114965662,110.358944332639,589.272913099362,781.902403107875,799.059594807719,752.044393221081,971.538548056409,753.585930706296,347.552426725249,893.754278383279,993.103484676224,961.258334215265,392.560016286523
"41.97000000_1.41000000",881.792849275972,475.280488615556,476.722729153831,475.542637281851,403.198845137476,365.225391664512,304.819152591544,227.230958848247,573.468586866178,575.048563516147,86.5083562514194,84.6276243089681,74.6038812672044,51.6773820681304,53.5099801719333,122.408704658825,0,13.4038221857653,732.542628651353,634.142563777372,27.0433045469385,467.246335240626,659.862392451568,677.012782136753,629.965085635898,849.439246784908,631.417333725644,225.312441784969,771.350223846831,870.703722875567,839.271061564673,312.658781357988
"42.00000000_1.56666700",894.312871880471,485.354043901986,487.059053075947,486.023937734905,411.900360021575,375.269741952868,315.373675775283,236.715382387404,586.847338893299,588.449385678362,84.3029273429622,82.6277069327424,64.8680529838668,44.2165987315699,44.3554569204717,110.343016285398,13.4038221857653,0,745.243745377177,646.84429915071,17.4660871766623,479.91482366542,672.50631122432,689.652132098725,642.590503715642,862.041947111922,643.989548305717,237.214535124942,783.625237545879,882.85436646095,850.961870480645,314.872896677175
"42.13000000_-7.44000000",566.872179839072,648.064640630094,633.949740242444,625.620526248411,698.039106107026,640.146020157009,624.588305568466,668.634026856842,296.969520776122,274.916680146741,782.634385338717,780.561649289744,802.654261726647,777.314799958961,782.204007283693,854.447158471998,732.542628651353,745.243745377177,0,98.4002840028625,749.457408813356,265.351707340764,73.2854551093255,56.4566157192957,103.291442326092,118.172332695194,103.104272822622,511.533110651418,76.9698291045017,163.982927401815,180.792203467577,652.19363944141
"42.15000000_-6.25000000",566.222173497598,575.989357840132,562.386375454958,554.113002971029,617.626737719796,557.167336875001,536.584640666506,575.895243553481,241.306553749149,218.042099980106,684.745010904304,682.661840061349,704.323784801806,678.988461907213,683.848926978657,756.06114965662,634.142563777372,646.84429915071,98.4002840028625,0,651.097105975816,166.967567573326,27.1037849388297,43.8634579881875,11.8505049494914,215.88256707297,18.7163679763719,413.428861947264,150.422250642584,250.365170960838,245.895151933073,564.697529972718
"42.15000000_1.63000000",908.241072175469,502.042253773262,503.588446875623,502.456731560256,429.1409494161,391.9683777344,331.747055494244,253.668922217759,597.097102043216,598.136246306175,98.8461519650783,97.3328234570256,71.5609620120917,55.350128180192,53.2186013110688,110.358944332639,27.0433045469385,17.4660871766623,749.457408813356,651.097105975816,0,484.13626248861,676.526557381155,693.648414259933,646.553989598427,865.848199669866,647.756858318571,239.416328825161,786.334609406453,885.149448350113,851.967773248643,302.22467825314
"42.19000000_-4.23000000",606.506113880356,479.0697540194,467.338666892884,459.626201319434,499.124329337922,434.2892085924,401.030497315177,426.302224987066,230.979627371731,213.946916498999,519.68783740108,517.574895157741,537.790312967673,512.477942593273,517.217960876148,589.272913099362,467.246335240626,479.91482366542,265.351707340764,166.967567573326,484.13626248861,0,192.6305707642,209.786890329868,162.785440646338,382.276739733529,164.541240728107,247.024333618612,307.802316972804,408.613499322511,388.19435618301,424.765969043914
"42.22500000_-6.56222200",573.520481340594,600.2167477373,586.503638019113,578.211276024545,643.338149343339,583.239914178862,563.30159520358,602.979921725415,260.921532552132,237.741662006939,711.215028354762,709.125633776122,730.339329341592,705.01493503273,709.806775992639,781.902403107875,659.862392451568,672.50631122432,73.2854551093255,27.1037849388297,676.526557381155,192.6305707642,0,17.1620972207055,30.0271768996118,189.682237219627,30.2715942871617,438.355947753333,123.645065916188,223.326217735595,220.68962514512,583.069753535299
"42.23000000_-6.77000000",574.092067185354,613.09305186947,599.28595138623,590.979906346407,657.647130312494,597.961390158325,578.860306965567,619.327020420487,270.550107407455,247.517230534173,728.342331770867,726.254045833716,747.501389746421,722.177030242484,726.96814909663,799.059594807719,677.012782136753,689.652132098725,56.4566157192957,43.8634579881875,693.648414259933,209.786890329868,17.1620972207055,0,47.0993981769904,172.520141432374,46.6513424087503,455.410447246533,108.436257162963,207.289777921758,207.573302282372,597.925017719125
"42.25000000_-6.20000000",577.584056024853,581.070667019593,567.570276012013,559.316712008184,621.089327377249,560.123880136202,538.271679037774,575.981623109212,249.603808545816,226.348282628204,681.768210354299,679.672707147059,700.561208841992,675.243574190446,680.001363012703,752.044393221081,629.965085635898,642.590503715642,103.291442326092,11.8505049494914,646.553989598427,162.785440646338,30.0271768996118,47.0993981769904,0,219.494857515303,7.53181243182237,408.331985279825,149.711517502216,250.361805793878,242.49359060331,555.578214154632
"42.26000000_-8.86000000",607.368220042667,752.111161240668,737.732741066513,729.43122921159,807.697524953509,751.733531311391,739.229349635917,785.599625821561,396.71420366675,376.42123498014,900.589746187869,898.510375305217,920.021101038889,894.697114351522,899.48198410259,971.538548056409,849.439246784908,862.041947111922,118.172332695194,215.88256707297,865.848199669866,382.276739733529,189.682237219627,172.520141432374,219.494857515303,0,218.0927817277,627.16871745615,94.8261494983729,79.138395412981,138.991114749786,752.681973076372
"42.31666700_-6.21666700",584.876431418141,587.390279039222,573.929787647883,565.684408294533,626.744307489253,565.561884659485,543.116551718257,579.999884179326,256.928745328971,233.678645957858,683.989654690008,681.886711074754,702.276657817313,676.974224283064,681.664085016448,753.585930706296,631.417333725644,643.989548305717,103.104272822622,18.7163679763719,647.756858318571,164.541240728107,30.2715942871617,46.6513424087503,7.53181243182237,218.0927817277,0,409.213203577401,145.848835239999,246.73043750579,237.108520541415,553.171530978044
"42.42000000_-1.25000000",754.097445824622,450.757382339517,445.191100326618,440.265285247823,420.380215766728,358.685356377278,299.883792769766,273.251977187297,399.661608058662,394.47854747386,290.431619145801,288.222371125911,298.769231440982,274.023076275945,277.665039653807,347.552426725249,225.312441784969,237.214535124942,511.533110651418,413.428861947264,239.416328825161,247.024333618612,438.355947753333,455.410447246533,408.331985279825,627.16871745615,409.213203577401,0,546.921056390178,645.806385823084,614.044146709698,254.516286739668
"42.73333300_-7.90000000",638.767870923183,719.765123405471,705.818927447434,697.497473846765,765.913021506557,706.387001960586,686.944540521162,725.692605690796,371.822775863258,349.375226834882,827.144581714253,825.017270137141,843.354713281184,818.158323298613,822.528080916207,893.754278383279,771.350223846831,783.625237545879,76.9698291045017,150.422250642584,786.334609406453,307.802316972804,123.645065916188,108.436257162963,149.711517502216,94.8261494983729,145.848835239999,546.921056390178,0,101.008670321121,104.001511368853,659.929340183784
"42.95000000_-9.10000000",686.291681310479,811.748634130445,797.580350749638,789.251887296091,861.816039616806,803.43081324793,785.953294135844,826.197150638672,458.900223895545,437.394589135536,927.612036299876,925.47750957478,943.085645836974,917.943826460478,922.192009071356,993.103484676224,870.703722875567,882.85436646095,163.982927401815,250.365170960838,885.149448350113,408.613499322511,223.326217735595,207.289777921758,250.361805793878,79.138395412981,246.73043750579,645.806385823084,101.008670321121,0,71.9096977286936,745.174526911043
"43.50000000_-8.63333300",734.462615565753,820.650915072672,806.856323072874,798.551194940179,863.458147628295,802.614966207837,779.676389933829,813.135312320669,475.243041769254,452.629483027715,900.879718353629,898.70784609345,912.78058154243,887.935322321021,891.695232488293,961.258334215265,839.271061564673,850.961870480645,180.792203467577,245.895151933073,851.967773248643,388.19435618301,220.68962514512,207.573302282372,242.49359060331,138.991114749786,237.108520541415,614.044146709698,104.001511368853,71.9096977286936,0,692.873537361956
"44.55555600_-0.11111100",998.330927239641,698.269145423426,694.092526163656,689.814482002005,654.799295010551,598.58431213005,536.120107496007,486.349337215154,629.791934182994,619.592373334963,398.845701168726,397.052802577469,371.507310144487,357.553984378825,355.172291116086,392.560016286523,312.658781357988,314.872896677175,652.19363944141,564.697529972718,302.22467825314,424.765969043914,583.069753535299,597.925017719125,555.578214154632,752.681973076372,553.171530978044,254.516286739668,659.929340183784,745.174526911043,692.873537361956,0
