"model","parameter","baseline","provenance","tolerance","value","delta","within_tolerance"
"lim_ma","AIC",199.801107841575,"preserved tutorial rerun with glmmTMB 1.1.15",1e-05,199.801107841575,0,TRUE
"lim_ma","beta:(Intercept)",-0.130754072729188,"preserved tutorial rerun with glmmTMB 1.1.15",1e-05,-0.130754072729188,0,TRUE
"lim_ma","iid_variance",0.0629793524793273,"preserved tutorial rerun with glmmTMB 1.1.15",1e-05,0.0629793524793273,0,TRUE
"lim_ma","known_sampling_variance_first",0.0555555555555555,"preserved tutorial rerun with glmmTMB 1.1.15",1e-05,0.0555555555555555,0,TRUE
"lim_ma","logLik",-95.9005539207877,"preserved tutorial rerun with glmmTMB 1.1.15",1e-05,-95.9005539207877,0,TRUE
"lim_ma","variance:g.1",0.0533847688549084,"preserved tutorial rerun with glmmTMB 1.1.15",1e-05,0.0533847688549084,0,TRUE
"lim_ma","variance:species",0.0777193696137897,"preserved tutorial rerun with glmmTMB 1.1.15",1e-05,0.0777193696137897,0,TRUE
"lim_mr","AIC",204.907086629682,"preserved tutorial rerun with glmmTMB 1.1.15",1e-05,204.907086629682,0,TRUE
"lim_mr","beta:(Intercept)",-0.139507525059956,"preserved tutorial rerun with glmmTMB 1.1.15",1e-05,-0.139507525059956,0,TRUE
"lim_mr","beta:environmentwild",0.0166118379913325,"preserved tutorial rerun with glmmTMB 1.1.15",1e-05,0.0166118379913325,0,TRUE
"lim_mr","iid_variance",0.0630428310977552,"preserved tutorial rerun with glmmTMB 1.1.15",1e-05,0.0630428310977552,0,TRUE
"lim_mr","known_sampling_variance_first",0.0555555555555555,"preserved tutorial rerun with glmmTMB 1.1.15",1e-05,0.0555555555555555,0,TRUE
"lim_mr","logLik",-97.453543314841,"preserved tutorial rerun with glmmTMB 1.1.15",1e-05,-97.453543314841,0,TRUE
"lim_mr","variance:g.1",0.0521124194436812,"preserved tutorial rerun with glmmTMB 1.1.15",1e-05,0.0521124194436812,0,TRUE
"lim_mr","variance:species",0.0792369786957828,"preserved tutorial rerun with glmmTMB 1.1.15",1e-05,0.0792369786957828,0,TRUE
"moura_ma","AIC",352.856244862766,"pre-existing saved glmmTMB fit",1e-05,352.856244862783,1.69961822393816e-11,TRUE
"moura_ma","beta:(Intercept)",0.368165833415745,"pre-existing saved glmmTMB fit",1e-05,0.368165833415737,-7.99360577730113e-15,TRUE
"moura_ma","iid_variance",0.0144501440257116,"pre-existing saved glmmTMB fit",1e-05,0.0144501440257068,-4.79997985802783e-15,TRUE
"moura_ma","logLik",-171.428122431383,"pre-existing saved glmmTMB fit",1e-05,-171.428122431391,-7.98650034994353e-12,TRUE
"moura_ma","variance:g.1",0.0512235320993075,"pre-existing saved glmmTMB fit",1e-05,0.0512235320991495,-1.57998614191968e-13,TRUE
"moura_ma","variance:species.id",0.0556615988808999,"pre-existing saved glmmTMB fit",1e-05,0.0556615988809136,1.36973765663129e-14,TRUE
"moura_ma","variance:study.id",0.0191584989216257,"pre-existing saved glmmTMB fit",1e-05,0.0191584989216269,1.20042864537595e-15,TRUE
"moura_mr","beta:(Intercept)",0.35618152,"preserved tutorial printed estimates (rounded)",5e-07,0.356181524199881,4.19988105404556e-09,TRUE
"moura_mr","beta:temporally.pooledyes",0.03953359,"preserved tutorial printed estimates (rounded)",5e-07,0.0395335887089894,-1.29101059703762e-09,TRUE
"moura_mr","iid_variance",0.01448823876241,"preserved tutorial printed estimates (rounded)",5e-07,0.0144882395068784,7.44468398386489e-10,TRUE
"moura_mr","variance:g.1",0.05198478,"preserved tutorial printed estimates (rounded)",5e-07,0.0519847816716457,1.67164569686573e-09,TRUE
"moura_mr","variance:species.id.phy",0.0539505421289536,"preserved tutorial printed estimates (rounded)",5e-07,0.0539505399714881,-2.15746549792062e-09,TRUE
"moura_mr","variance:study.id",0.0194046599463721,"preserved tutorial printed estimates (rounded)",5e-07,0.0194046593234016,-6.22970498104225e-10,TRUE
"spain","AIC",490.641399684547,"preserved tutorial rerun with glmmTMB 1.1.15",1e-05,490.641399684547,0,TRUE
"spain","beta:(Intercept)",-0.0972717246000634,"preserved tutorial rerun with glmmTMB 1.1.15",1e-05,-0.0972717246000634,0,TRUE
"spain","iid_variance",0.213704182877356,"preserved tutorial rerun with glmmTMB 1.1.15",1e-05,0.213704182877356,0,TRUE
"spain","known_sampling_variance_first",0.23786161,"preserved tutorial rerun with glmmTMB 1.1.15",1e-05,0.23786161,0,TRUE
"spain","logLik",-241.320699842274,"preserved tutorial rerun with glmmTMB 1.1.15",1e-05,-241.320699842274,0,TRUE
"spain","rho_km",28.9628042218124,"preserved tutorial rerun with glmmTMB 1.1.15",1e-05,28.9628042218124,0,TRUE
"spain","variance:const.1",0.62565914997679,"preserved tutorial rerun with glmmTMB 1.1.15",1e-05,0.62565914997679,0,TRUE
