"model","parameter","value","version","pdHess","convergence","warnings"
"lim_ma","beta:(Intercept)",-0.130754072729188,"1.1.15",TRUE,0,""
"lim_ma","iid_variance",0.0629793524793273,"1.1.15",TRUE,0,""
"lim_ma","known_sampling_variance_first",0.0555555555555555,"1.1.15",TRUE,0,""
"lim_ma","variance:species",0.0777193696137897,"1.1.15",TRUE,0,""
"lim_ma","variance:g.1",0.0533847688549084,"1.1.15",TRUE,0,""
"lim_ma","logLik",-95.9005539207877,"1.1.15",TRUE,0,""
"lim_ma","AIC",199.801107841575,"1.1.15",TRUE,0,""
"lim_mr","beta:(Intercept)",-0.139507525059956,"1.1.15",TRUE,0,""
"lim_mr","beta:environmentwild",0.0166118379913325,"1.1.15",TRUE,0,""
"lim_mr","iid_variance",0.0630428310977552,"1.1.15",TRUE,0,""
"lim_mr","known_sampling_variance_first",0.0555555555555555,"1.1.15",TRUE,0,""
"lim_mr","variance:species",0.0792369786957828,"1.1.15",TRUE,0,""
"lim_mr","variance:g.1",0.0521124194436812,"1.1.15",TRUE,0,""
"lim_mr","logLik",-97.453543314841,"1.1.15",TRUE,0,""
"lim_mr","AIC",204.907086629682,"1.1.15",TRUE,0,""
"spain","beta:(Intercept)",-0.0972717246000634,"1.1.15",TRUE,0,""
"spain","iid_variance",0.213704182877356,"1.1.15",TRUE,0,""
"spain","known_sampling_variance_first",0.23786161,"1.1.15",TRUE,0,""
"spain","variance:const.1",0.62565914997679,"1.1.15",TRUE,0,""
"spain","logLik",-241.320699842274,"1.1.15",TRUE,0,""
"spain","AIC",490.641399684547,"1.1.15",TRUE,0,""
"spain","rho_km",28.9628042218124,"1.1.15",TRUE,0,""
